0.001005,0,0,0,0,0,0,0,0,0,0,0,0,0,0,0,0,0,0,1,6,9,19,22,44,46,79,119,163,186,221,186,218,185,134,123,79,67,41,32,7,9,4,0,0,0,0,0,0,0,0,0,0,0,0,0,0,0,0,0,0
0.002005,0,0,0,0,0,0,0,0,0,0,0,0,0,0,0,0,0,0,1,5,9,17,22,40,53,85,130,156,189,212,207,195,181,144,113,104,55,39,20,10,7,3,2,1,0,0,0,0,0,0,0,0,0,0,0,0,0,0,0,0
0.003005,0,0,0,0,0,0,0,0,0,0,0,0,0,0,0,0,1,0,2,4,8,20,21,42,73,95,122,149,169,196,207,174,186,167,114,92,62,42,18,20,7,4,1,2,1,1,0,0,0,0,0,0,0,0,0,0,0,0,0,0
0.004005,0,0,0,0,0,0,0,0,0,0,0,0,0,0,0,1,0,1,1,3,9,15,19,45,73,84,104,172,172,187,204,220,185,146,129,90,58,34,23,10,9,2,2,0,1,1,0,0,0,0,0,0,0,0,0,0,0,0,0,0
0.005005,0,0,0,0,0,0,0,0,0,0,0,0,0,0,0,0,0,0,1,4,8,12,25,39,58,100,133,151,156,202,211,194,173,150,132,91,61,37,32,14,12,3,1,0,0,0,0,0,0,0,0,0,0,0,0,0,0,0,0,0
0.006005,0,0,0,0,0,0,0,0,0,0,0,0,0,0,0,0,0,0,0,6,12,18,30,43,56,93,122,144,192,190,209,202,171,167,121,81,59,35,21,13,7,4,2,2,0,0,0,0,0,0,0,0,0,0,0,0,0,0,0,0
0.007005,0,0,0,0,0,0,0,0,0,0,0,0,0,0,0,0,0,2,3,6,4,18,23,39,68,94,123,155,160,192,188,186,192,156,122,108,66,47,22,15,7,3,0,1,0,0,0,0,0,0,0,0,0,0,0,0,0,0,0,0
0.008005,0,0,0,0,0,0,0,0,0,0,0,0,0,0,0,0,0,2,1,3,8,12,25,38,73,94,117,164,175,190,186,199,187,174,124,88,54,41,19,19,5,1,0,1,0,0,0,0,0,0,0,0,0,0,0,0,0,0,0,0
0.009005,0,0,0,0,0,0,0,0,0,0,0,0,0,0,0,0,0,3,0,3,4,17,29,53,58,101,152,170,162,195,195,191,164,124,118,111,59,38,27,13,10,2,1,0,0,0,0,0,0,0,0,0,0,0,0,0,0,0,0,0
0.010005,0,0,0,0,0,0,0,0,0,0,0,0,0,0,0,2,0,1,0,11,8,14,22,43,79,103,120,138,184,180,192,217,177,151,144,82,50,30,28,12,7,4,0,1,0,0,0,0,0,0,0,0,0,0,0,0,0,0,0,0
0.011005,0,0,0,0,0,0,0,0,0,0,0,0,0,0,0,0,1,1,3,4,3,10,23,38,57,92,120,164,186,201,197,181,201,146,107,92,64,49,32,12,11,4,1,0,0,0,0,0,0,0,0,0,0,0,0,0,0,0,0,0
0.012005,0,0,0,0,0,0,0,0,0,0,0,0,0,0,0,0,0,1,1,3,7,13,21,51,57,103,122,175,196,185,179,181,173,158,130,82,72,47,19,9,9,5,1,0,0,0,0,0,0,0,0,0,0,0,0,0,0,0,0,0
0.013005,0,0,0,0,0,0,0,0,0,0,0,0,0,0,0,0,1,0,4,4,4,10,29,40,76,94,113,161,205,188,210,194,200,135,105,90,56,32,21,14,9,4,0,0,0,0,1,0,0,0,0,0,0,0,0,0,0,0,0,0
0.014005,0,0,0,0,0,0,0,0,0,0,0,0,0,0,0,0,0,2,1,4,5,19,27,38,61,84,135,155,172,205,185,194,192,152,111,84,82,43,17,17,10,3,1,0,1,0,0,0,0,0,0,0,0,0,0,0,0,0,0,0
0.015005,0,0,0,0,0,0,0,0,0,0,0,0,0,0,0,1,1,1,3,2,11,19,30,49,70,96,118,141,168,196,205,191,179,154,122,81,57,47,24,20,9,3,0,2,0,0,0,0,0,0,0,0,0,0,0,0,0,0,0,0
0.016005,0,0,0,0,0,0,0,0,0,0,0,0,0,0,0,0,0,0,0,6,9,11,30,28,65,111,123,161,173,219,213,201,150,146,112,71,65,54,28,8,10,2,3,1,0,0,0,0,0,0,0,0,0,0,0,0,0,0,0,0
0.017005,0,0,0,0,0,0,0,0,0,0,0,0,0,0,0,0,1,2,2,3,5,19,34,33,56,112,135,139,196,179,199,196,186,151,126,69,59,45,25,14,8,2,3,1,0,0,0,0,0,0,0,0,0,0,0,0,0,0,0,0
0.018005,0,0,0,0,0,0,0,0,0,0,0,0,0,0,0,0,0,1,2,4,6,9,25,49,60,92,135,152,190,206,197,193,185,143,132,78,58,46,20,6,8,3,0,0,0,0,0,0,0,0,0,0,0,0,0,0,0,0,0,0
0.019005,0,0,0,0,0,0,0,0,0,0,0,0,0,0,0,1,1,0,1,5,10,11,24,52,59,93,121,171,191,206,206,212,163,154,104,90,58,30,19,7,6,3,0,2,0,0,0,0,0,0,0,0,0,0,0,0,0,0,0,0
0.020005,0,0,0,0,0,0,0,0,0,0,0,0,0,0,0,0,0,0,5,6,12,13,25,47,82,99,122,159,176,216,189,179,207,165,91,87,51,30,16,11,6,3,1,2,0,0,0,0,0,0,0,0,0,0,0,0,0,0,0,0
0.021005,0,0,0,0,0,0,0,0,0,0,0,0,0,0,0,0,0,0,2,6,11,23,24,30,69,108,136,167,196,187,172,206,182,149,117,82,54,34,23,13,7,1,1,0,0,0,0,0,0,0,0,0,0,0,0,0,0,0,0,0
0.022005,0,0,0,0,0,0,0,0,0,0,0,0,0,0,0,0,0,0,2,1,4,17,22,43,82,95,143,151,174,203,202,219,158,157,100,83,57,32,26,15,7,3,2,1,0,0,0,1,0,0,0,0,0,0,0,0,0,0,0,0
0.023005,0,0,0,0,0,0,0,0,0,0,0,0,0,0,0,0,0,1,2,4,4,13,30,50,77,106,138,153,191,172,190,182,184,136,129,78,63,45,23,12,7,5,3,0,2,0,0,0,0,0,0,0,0,0,0,0,0,0,0,0
0.024005,0,0,0,0,0,0,0,0,0,0,0,0,0,0,0,0,0,2,3,1,8,14,18,51,63,107,110,139,161,225,219,193,170,133,126,93,66,47,36,9,6,0,0,0,0,0,0,0,0,0,0,0,0,0,0,0,0,0,0,0
0.025005,0,0,0,0,0,0,0,0,0,0,0,0,0,0,0,0,0,0,5,3,10,12,35,33,71,83,124,159,188,195,221,174,226,146,106,63,62,35,23,14,11,1,0,0,0,0,0,0,0,0,0,0,0,0,0,0,0,0,0,0
0.026005,0,0,0,0,0,0,0,0,0,0,0,0,0,0,0,0,0,1,2,5,6,13,25,42,64,83,134,182,174,212,203,198,196,144,102,73,59,29,28,13,6,4,1,1,0,0,0,0,0,0,0,0,0,0,0,0,0,0,0,0
0.027005,0,0,0,0,0,0,0,0,0,0,0,0,0,0,0,0,0,1,3,5,5,17,20,48,67,106,135,146,156,213,215,212,166,146,119,78,57,49,17,12,1,4,1,1,0,0,0,0,0,0,0,0,0,0,0,0,0,0,0,0
0.028005,0,0,0,0,0,0,0,0,0,0,0,0,0,0,0,0,1,0,3,7,7,16,26,45,58,104,135,151,187,205,214,187,199,150,107,69,57,34,23,8,5,0,0,0,1,1,0,0,0,0,0,0,0,0,0,0,0,0,0,0
0.029005,0,0,0,0,0,0,0,0,0,0,0,0,0,0,0,0,1,1,2,3,6,14,34,44,71,104,131,150,218,188,203,192,189,144,103,70,62,41,12,11,3,2,1,0,0,0,0,0,0,0,0,0,0,0,0,0,0,0,0,0
0.030005,0,0,0,0,0,0,0,0,0,0,0,0,0,1,0,0,1,0,2,5,9,15,31,51,66,119,127,165,195,199,196,173,176,146,101,77,53,42,28,13,7,1,1,0,0,0,0,0,0,0,0,0,0,0,0,0,0,0,0,0
0.031005,0,0,0,0,0,0,0,0,0,0,0,0,0,0,1,0,2,1,2,1,7,17,31,45,74,105,101,170,175,182,233,209,165,140,87,91,63,46,27,10,10,2,1,1,1,0,0,0,0,0,0,0,0,0,0,0,0,0,0,0
0.032005,0,0,0,0,0,0,0,0,0,0,0,0,0,0,0,0,0,0,1,3,11,18,31,49,75,103,129,182,200,216,201,178,158,148,100,69,48,40,13,15,9,1,0,2,0,0,0,0,0,0,0,0,0,0,0,0,0,0,0,0
0.033005,0,0,0,0,0,0,0,0,0,0,0,0,0,0,0,0,0,0,1,4,12,13,26,52,84,86,146,150,178,207,208,170,175,142,117,91,62,37,19,13,5,0,2,0,0,0,0,0,0,0,0,0,0,0,0,0,0,0,0,0
0.034005,0,0,0,0,0,0,0,0,0,0,0,0,0,0,0,0,0,0,1,4,7,14,16,42,58,84,107,156,177,200,194,222,210,130,132,82,67,50,18,16,7,4,1,1,0,0,0,0,0,0,0,0,0,0,0,0,0,0,0,0
0.035005,0,0,0,0,0,0,0,0,0,0,0,0,0,0,0,0,0,4,2,3,11,29,24,41,65,95,141,138,181,215,207,220,171,128,105,69,56,49,25,13,5,3,0,0,0,0,0,0,0,0,0,0,0,0,0,0,0,0,0,0
0.036005,0,0,0,0,0,0,0,0,0,0,0,0,0,0,0,0,1,2,1,4,9,21,22,36,63,97,115,163,189,192,203,218,171,144,133,84,44,37,21,14,5,6,4,1,0,0,0,0,0,0,0,0,0,0,0,0,0,0,0,0
0.037005,0,0,0,0,0,0,0,0,0,0,0,0,0,0,0,0,0,1,2,6,12,17,32,50,73,110,150,174,165,196,205,221,165,124,97,85,54,28,17,10,5,1,0,0,0,0,0,0,0,0,0,0,0,0,0,0,0,0,0,0
0.038005,0,0,0,0,0,0,0,0,0,0,0,0,0,0,0,0,0,0,2,5,6,19,24,43,61,91,126,169,177,204,195,197,167,144,125,84,75,42,21,13,5,2,2,1,0,0,0,0,0,0,0,0,0,0,0,0,0,0,0,0
0.039005,0,0,0,0,0,0,0,0,0,0,0,0,0,0,0,1,0,1,3,3,10,15,25,35,66,107,149,162,188,203,211,199,149,143,109,83,58,36,22,12,5,2,3,0,0,0,0,0,0,0,0,0,0,0,0,0,0,0,0,0
0.040005,0,0,0,0,0,0,0,0,0,0,0,0,0,0,1,0,1,1,3,2,13,20,32,46,70,107,129,152,180,215,186,202,188,121,108,87,58,32,21,12,5,5,3,0,0,0,0,0,0,0,0,0,0,0,0,0,0,0,0,0
0.041005,0,0,0,0,0,0,0,0,0,0,0,0,0,0,0,0,0,1,5,2,8,18,26,51,67,86,137,162,198,234,189,205,150,127,111,78,62,30,22,11,10,4,4,2,0,0,0,0,0,0,0,0,0,0,0,0,0,0,0,0
0.042005,0,0,0,0,0,0,0,0,0,0,0,0,0,0,0,0,0,0,1,2,5,10,38,45,61,116,112,146,188,194,228,192,172,152,97,97,61,36,22,6,13,4,0,1,0,1,0,0,0,0,0,0,0,0,0,0,0,0,0,0
0.043005,0,0,0,0,0,0,0,0,0,0,0,0,0,0,0,0,0,0,3,3,6,9,29,40,74,112,124,176,217,192,205,195,170,138,106,80,54,23,25,12,4,2,1,0,0,0,0,0,0,0,0,0,0,0,0,0,0,0,0,0
0.044005,0,0,0,0,0,0,0,0,0,0,0,0,0,0,0,0,2,0,3,8,8,20,23,59,54,115,133,149,205,196,214,196,167,128,108,88,50,33,24,11,3,1,2,0,0,0,0,0,0,0,0,0,0,0,0,0,0,0,0,0
0.045005,0,0,0,0,0,0,0,0,0,0,0,0,0,0,0,0,0,2,2,3,7,23,34,45,75,94,131,173,183,197,220,178,164,155,122,68,39,33,32,10,5,0,1,3,1,0,0,0,0,0,0,0,0,0,0,0,0,0,0,0
0.046005,0,0,0,0,0,0,0,0,0,0,0,0,0,0,0,0,0,1,1,6,9,9,23,39,62,78,139,147,201,215,187,218,155,169,116,86,61,36,16,13,11,1,1,0,0,0,0,0,0,0,0,0,0,0,0,0,0,0,0,0
0.047005,0,0,0,0,0,0,0,0,0,0,0,0,0,0,0,0,0,0,2,6,14,19,30,42,56,108,140,189,189,213,172,203,161,153,91,83,46,45,18,11,4,3,1,0,0,1,0,0,0,0,0,0,0,0,0,0,0,0,0,0
0.048005,0,0,0,0,0,0,0,0,0,0,0,0,0,0,0,0,1,0,3,9,11,22,25,55,77,112,128,171,166,212,222,191,178,156,101,65,38,22,17,14,2,0,0,1,1,0,0,0,0,0,0,0,0,0,0,0,0,0,0,0
0.049005,0,0,0,0,0,0,0,0,0,0,0,0,0,0,0,0,1,0,4,6,12,14,28,48,76,107,118,164,190,216,192,195,177,140,112,78,51,36,24,5,4,1,0,0,1,0,0,0,0,0,0,0,0,0,0,0,0,0,0,0
0.050005,0,0,0,0,0,0,0,0,0,0,0,0,0,0,1,0,0,1,1,4,13,11,28,44,69,98,145,187,194,206,195,173,172,124,129,77,52,35,21,11,6,0,2,1,0,0,0,0,0,0,0,0,0,0,0,0,0,0,0,0
0.051005,0,0,0,0,0,0,0,0,0,0,0,0,0,0,0,0,1,2,4,5,13,18,36,55,73,100,140,160,192,199,220,197,168,149,90,73,47,25,13,12,4,2,2,0,0,0,0,0,0,0,0,0,0,0,0,0,0,0,0,0
0.052005,0,0,0,0,0,0,0,0,0,0,0,0,0,0,0,0,0,0,1,4,8,20,25,53,61,104,134,161,177,201,202,196,193,139,107,79,66,29,18,12,6,3,0,1,0,0,0,0,0,0,0,0,0,0,0,0,0,0,0,0
0.053005,0,0,0,0,0,0,0,0,0,0,0,0,1,0,0,0,0,0,3,1,7,17,24,38,79,107,128,153,179,221,202,200,178,126,121,71,58,37,22,12,10,3,0,2,0,0,0,0,0,0,0,0,0,0,0,0,0,0,0,0
0.054005,0,0,0,0,0,0,0,0,0,0,0,0,0,0,0,0,1,1,3,5,10,13,22,42,77,107,131,164,196,200,189,197,176,144,119,75,67,29,12,10,4,5,1,0,0,0,0,0,0,0,0,0,0,0,0,0,0,0,0,0
0.055005,0,0,0,0,0,0,0,0,0,0,0,0,0,0,0,0,0,0,1,4,8,16,43,49,74,104,147,155,206,192,218,186,161,131,113,65,45,37,22,14,6,3,0,0,0,0,0,0,0,0,0,0,0,0,0,0,0,0,0,0
0.056005,0,0,0,0,0,0,0,0,0,0,0,0,0,0,0,0,1,1,0,5,11,15,33,50,62,108,136,178,211,202,206,190,148,144,103,64,55,42,22,8,3,2,0,0,0,0,0,0,0,0,0,0,0,0,0,0,0,0,0,0
0.057005,0,0,0,0,0,0,0,0,0,0,0,0,0,0,0,0,0,0,1,1,6,15,18,50,78,88,143,177,185,198,215,180,195,155,117,73,40,28,10,13,11,2,1,0,0,0,0,0,0,0,0,0,0,0,0,0,0,0,0,0
0.058005,0,0,0,0,0,0,0,0,0,0,0,0,0,0,0,0,0,1,4,8,8,11,36,51,80,99,122,175,195,193,210,200,151,148,114,77,44,37,15,12,7,0,1,0,1,0,0,0,0,0,0,0,0,0,0,0,0,0,0,0
0.059005,0,0,0,0,0,0,0,0,0,0,0,0,0,0,0,0,0,3,1,0,6,16,24,38,82,99,155,185,187,215,191,195,160,129,108,75,53,35,17,12,3,8,2,1,0,0,0,0,0,0,0,0,0,0,0,0,0,0,0,0
0.060005,0,0,0,0,0,0,0,0,0,0,0,0,0,0,0,0,2,1,3,2,18,21,17,47,81,108,130,181,201,200,205,196,168,122,95,74,53,33,24,9,4,3,1,0,0,1,0,0,0,0,0,0,0,0,0,0,0,0,0,0
0.061005,0,0,0,0,0,0,0,0,0,0,0,0,0,0,0,0,0,1,2,5,6,15,36,34,91,91,140,170,196,175,206,211,169,139,93,85,59,32,17,19,4,3,1,0,0,0,0,0,0,0,0,0,0,0,0,0,0,0,0,0
0.062005,0,0,0,0,0,0,0,0,0,0,0,0,0,0,0,0,0,2,6,2,12,20,33,48,75,94,148,172,190,228,218,181,153,119,125,76,44,31,12,8,1,1,0,1,0,0,0,0,0,0,0,0,0,0,0,0,0,0,0,0
0.063005,0,0,0,0,0,0,0,0,0,0,0,0,0,0,0,0,0,0,3,3,8,20,37,55,80,95,143,163,196,203,179,199,165,149,95,83,44,34,26,9,8,2,0,0,1,0,0,0,0,0,0,0,0,0,0,0,0,0,0,0
0.064005,0,0,0,0,0,0,0,0,0,0,0,0,0,0,0,0,0,0,3,3,13,28,22,53,70,102,125,161,163,192,201,202,170,146,132,86,52,35,25,9,4,3,0,0,0,0,0,0,0,0,0,0,0,0,0,0,0,0,0,0
0.065005,0,0,0,0,0,0,0,0,0,0,0,0,0,0,0,0,0,0,1,5,6,13,27,52,59,109,160,159,190,203,223,191,169,136,108,71,49,26,19,12,7,2,1,1,0,0,1,0,0,0,0,0,0,0,0,0,0,0,0,0
0.066005,0,0,0,0,0,0,0,0,0,0,0,0,0,0,0,0,2,3,4,1,10,16,33,47,80,122,135,141,205,223,193,199,185,114,99,70,43,34,22,9,4,4,1,1,0,0,0,0,0,0,0,0,0,0,0,0,0,0,0,0
0.067005,0,0,0,0,0,0,0,0,0,0,0,0,0,0,0,0,1,5,2,5,14,24,30,52,85,91,132,185,185,196,208,185,182,126,109,74,43,33,15,9,7,1,0,0,1,0,0,0,0,0,0,0,0,0,0,0,0,0,0,0
0.068005,0,0,0,0,0,0,0,0,0,0,0,0,0,0,0,0,0,0,2,3,12,24,37,48,74,107,149,172,179,204,206,209,164,135,106,57,45,25,23,8,6,3,1,0,1,0,0,0,0,0,0,0,0,0,0,0,0,0,0,0
0.069005,0,0,0,0,0,0,0,0,0,0,0,0,0,0,0,0,2,1,0,4,6,10,24,43,84,97,162,155,215,221,201,188,152,147,86,68,44,44,28,10,6,1,0,1,0,0,0,0,0,0,0,0,0,0,0,0,0,0,0,0
0.070005,0,0,0,0,0,0,0,0,0,0,0,0,0,0,0,0,1,2,3,0,14,23,37,46,78,114,140,161,191,186,196,201,173,144,99,75,47,23,23,11,7,2,3,0,0,0,0,0,0,0,0,0,0,0,0,0,0,0,0,0
0.071005,0,0,0,0,0,0,0,0,0,0,0,0,0,0,0,0,0,2,3,8,9,17,43,43,71,112,158,164,201,203,210,190,154,110,113,80,45,27,20,11,4,1,1,0,0,0,0,0,0,0,0,0,0,0,0,0,0,0,0,0
0.072005,0,0,0,0,0,0,0,0,0,0,0,0,0,0,0,0,0,0,3,9,13,19,31,56,66,114,137,159,179,186,217,202,163,119,101,87,57,38,24,14,6,0,0,0,0,0,0,0,0,0,0,0,0,0,0,0,0,0,0,0
0.073005,0,0,0,0,0,0,0,0,0,0,0,0,0,0,2,0,1,1,2,2,13,22,37,56,71,78,129,150,199,218,202,212,166,135,118,80,45,29,13,9,6,2,2,0,0,0,0,0,0,0,0,0,0,0,0,0,0,0,0,0
0.074005,0,0,0,0,0,0,0,0,0,0,0,0,0,0,0,0,0,1,4,4,14,24,43,61,84,99,141,166,185,201,201,189,175,131,94,75,52,21,12,12,5,3,2,0,1,0,0,0,0,0,0,0,0,0,0,0,0,0,0,0
0.075005,0,0,0,0,0,0,0,0,0,0,0,0,0,0,0,0,0,1,2,4,9,13,36,43,73,112,130,175,177,205,192,172,185,140,111,70,61,42,21,9,7,6,3,1,0,0,0,0,0,0,0,0,0,0,0,0,0,0,0,0
0.076005,0,0,0,0,0,0,0,0,0,0,0,0,0,0,0,0,1,1,1,9,9,11,32,50,74,107,141,167,213,215,192,183,162,126,120,67,51,35,22,6,3,1,1,0,0,0,0,0,0,0,0,0,0,0,0,0,0,0,0,0
0.077005,0,0,0,0,0,0,0,0,0,0,0,0,0,0,0,0,0,1,2,2,11,17,34,54,75,99,131,151,184,216,170,213,196,146,106,66,44,31,24,13,7,6,0,1,0,0,0,0,0,0,0,0,0,0,0,0,0,0,0,0
0.078005,0,0,0,0,0,0,0,0,0,0,0,0,0,0,0,1,1,1,3,6,13,19,32,46,82,115,136,176,217,211,217,190,149,118,95,56,48,33,24,8,0,1,0,0,1,1,0,0,0,0,0,0,0,0,0,0,0,0,0,0
0.079005,0,0,0,0,0,0,0,0,0,0,0,0,0,0,0,0,0,4,3,8,12,22,33,49,94,128,157,156,175,203,207,188,166,123,101,61,45,35,12,9,4,3,1,1,0,0,0,0,0,0,0,0,0,0,0,0,0,0,0,0
0.080005,0,0,0,0,0,0,0,0,0,0,0,0,0,0,0,0,0,1,0,6,13,14,36,61,83,111,152,180,172,180,211,184,160,134,113,75,47,31,18,10,6,2,0,0,0,0,0,0,0,0,0,0,0,0,0,0,0,0,0,0
0.081005,0,0,0,0,0,0,0,0,0,0,0,0,0,0,0,1,0,0,4,4,12,24,36,56,72,104,178,167,180,207,209,177,162,125,94,74,55,34,11,10,3,1,0,0,0,0,0,0,0,0,0,0,0,0,0,0,0,0,0,0
0.082005,0,0,0,0,0,0,0,0,0,0,0,0,0,0,0,0,0,1,1,5,14,21,29,46,89,102,166,164,205,201,194,197,132,127,105,82,56,37,12,10,2,2,0,0,0,0,0,0,0,0,0,0,0,0,0,0,0,0,0,0
0.083005,0,0,0,0,0,0,0,0,0,0,0,0,0,0,0,0,0,0,2,7,8,13,42,48,80,108,137,174,191,211,216,183,171,126,104,66,52,26,19,10,5,0,1,0,0,0,0,0,0,0,0,0,0,0,0,0,0,0,0,0
0.084005,0,0,0,0,0,0,0,0,0,0,0,0,0,0,0,0,0,0,3,5,6,22,42,62,80,104,122,164,198,195,199,205,158,132,99,95,58,28,14,3,5,1,0,0,0,0,0,0,0,0,0,0,0,0,0,0,0,0,0,0
0.085005,0,0,0,0,0,0,0,0,0,0,0,0,0,0,0,0,1,2,1,7,17,12,30,44,69,125,144,183,196,197,186,183,168,131,103,71,61,38,15,8,7,0,1,0,0,0,0,0,0,0,0,0,0,0,0,0,0,0,0,0
0.086005,0,0,0,0,0,0,0,0,0,0,0,0,0,0,0,0,0,2,0,7,8,25,31,61,82,106,153,161,202,230,207,200,173,133,98,50,26,17,14,7,5,2,0,0,0,0,0,0,0,0,0,0,0,0,0,0,0,0,0,0
0.087005,0,0,0,0,0,0,0,0,0,0,0,0,0,0,0,0,0,1,1,6,8,27,24,53,84,139,127,183,206,223,195,194,140,122,98,65,35,36,18,7,6,1,1,0,0,0,0,0,0,0,0,0,0,0,0,0,0,0,0,0
0.088005,0,0,0,0,0,0,0,0,0,0,0,0,0,0,0,0,2,1,2,6,15,28,32,65,84,110,147,167,201,202,210,175,161,111,117,59,41,32,16,4,6,3,1,2,0,0,0,0,0,0,0,0,0,0,0,0,0,0,0,0
0.089005,0,0,0,0,0,0,0,0,0,0,0,0,0,0,0,0,0,1,2,14,17,20,44,61,84,109,159,171,187,226,204,159,155,117,90,73,48,27,17,10,1,2,2,0,0,0,0,0,0,0,0,0,0,0,0,0,0,0,0,0
0.090005,0,0,0,0,0,0,0,0,0,0,0,0,0,0,0,0,0,1,1,4,15,21,30,41,73,115,122,157,211,180,186,202,169,151,122,86,51,23,20,9,3,6,1,0,0,0,0,0,0,0,0,0,0,0,0,0,0,0,0,0
0.091005,0,0,0,0,0,0,0,0,0,0,0,0,0,0,0,1,0,1,3,5,22,24,45,72,79,99,140,154,194,191,193,190,172,119,113,57,49,32,25,13,3,3,1,0,0,0,0,0,0,0,0,0,0,0,0,0,0,0,0,0
0.092005,0,0,0,0,0,0,0,0,0,0,0,0,0,0,0,0,1,0,1,6,16,27,38,59,78,126,113,166,213,177,196,196,174,127,97,74,48,32,16,10,5,1,2,1,0,0,0,0,0,0,0,0,0,0,0,0,0,0,0,0
0.093005,0,0,0,0,0,0,0,0,0,0,0,0,0,0,0,0,0,2,5,10,7,21,39,58,79,135,142,180,214,203,176,178,168,121,103,59,41,22,21,8,5,2,1,0,0,0,0,0,0,0,0,0,0,0,0,0,0,0,0,0
0.094005,0,0,0,0,0,0,0,0,0,0,0,0,0,1,0,1,1,1,3,7,9,18,32,41,84,116,157,174,192,214,195,170,165,129,109,88,41,30,11,9,0,1,1,0,0,0,0,0,0,0,0,0,0,0,0,0,0,0,0,0
0.095005,0,0,0,0,0,0,0,0,0,0,0,0,0,0,0,0,0,0,3,5,12,21,35,53,72,117,133,168,186,204,198,179,155,139,117,70,54,32,28,13,3,1,1,0,1,0,0,0,0,0,0,0,0,0,0,0,0,0,0,0
0.096005,0,0,0,0,0,0,0,0,0,0,0,0,0,0,0,0,0,4,5,4,7,22,35,44,84,112,145,176,186,210,209,164,171,130,97,70,42,29,27,12,9,3,2,1,0,0,0,0,0,0,0,0,0,0,0,0,0,0,0,0
0.097005,0,0,0,0,0,0,0,0,0,0,0,0,0,1,0,0,3,1,6,4,9,30,35,52,98,131,142,189,194,191,217,204,142,118,89,45,35,33,13,7,5,4,1,0,0,0,1,0,0,0,0,0,0,0,0,0,0,0,0,0
0.098005,0,0,0,0,0,0,0,0,0,0,0,0,0,0,0,0,0,1,5,2,16,21,27,54,76,115,150,158,230,204,188,188,144,148,88,67,57,30,22,7,1,0,0,0,1,0,0,0,0,0,0,0,0,0,0,0,0,0,0,0
0.099005,0,0,0,0,0,0,0,0,0,0,0,0,0,0,1,1,2,1,5,4,16,22,29,54,80,122,155,179,195,203,209,182,165,122,80,64,56,32,12,4,3,2,0,0,0,0,0,0,0,0,0,0,0,0,0,0,0,0,0,0
0.100005,0,0,0,0,0,0,0,0,0,0,0,0,0,0,0,0,0,1,3,4,13,11,37,60,95,101,160,181,217,206,194,190,145,124,100,70,34,27,11,8,5,3,0,0,0,0,0,0,0,0,0,0,0,0,0,0,0,0,0,0
0.101005,0,0,0,0,0,0,0,0,0,0,0,0,0,0,0,0,0,1,3,7,14,15,42,31,68,104,161,168,189,206,214,204,158,142,112,74,37,23,15,5,4,1,0,2,0,0,0,0,0,0,0,0,0,0,0,0,0,0,0,0
0.102005,0,0,0,0,0,0,0,0,0,0,0,0,0,0,0,0,1,2,4,5,6,18,31,54,64,103,148,173,235,239,187,189,155,128,94,54,41,25,14,19,8,1,2,0,0,0,0,0,0,0,0,0,0,0,0,0,0,0,0,0
0.103005,0,0,0,0,0,0,0,0,0,0,0,0,0,0,1,0,1,2,3,4,15,27,47,53,79,121,155,189,216,187,193,170,153,138,78,75,41,24,10,11,3,2,0,0,0,0,1,1,0,0,0,0,0,0,0,0,0,0,0,0
0.104005,0,0,0,0,0,0,0,0,0,0,0,0,0,0,0,0,0,2,1,4,12,18,33,40,76,131,125,168,193,219,246,186,164,134,88,61,47,31,9,4,5,2,0,1,0,0,0,0,0,0,0,0,0,0,0,0,0,0,0,0
0.105005,0,0,0,0,0,0,0,0,0,0,0,0,0,0,0,0,0,3,2,3,6,21,42,50,92,106,141,168,205,205,209,213,158,121,87,62,46,26,24,6,3,0,1,0,0,0,0,0,0,0,0,0,0,0,0,0,0,0,0,0
0.106005,0,0,0,0,0,0,0,0,0,0,0,0,0,0,0,0,0,0,5,3,18,17,41,57,97,127,144,159,217,176,177,162,181,130,114,65,38,31,16,11,9,3,1,0,1,0,0,0,0,0,0,0,0,0,0,0,0,0,0,0
0.107005,0,0,0,0,0,0,0,0,0,0,0,0,0,0,0,0,0,2,0,9,10,25,44,49,93,103,142,187,172,220,204,173,166,134,96,72,45,22,12,7,4,4,2,0,3,0,0,0,0,0,0,0,0,0,0,0,0,0,0,0
0.108005,0,0,0,0,0,0,0,0,0,0,0,0,0,0,0,0,0,1,3,4,10,34,50,55,97,113,149,157,184,201,229,194,157,122,94,70,40,16,10,6,2,0,1,1,0,0,0,0,0,0,0,0,0,0,0,0,0,0,0,0
0.109005,0,0,0,0,0,0,0,0,0,0,0,0,0,0,2,0,1,3,9,5,18,27,38,66,98,109,169,176,180,223,177,183,159,117,74,65,50,22,21,4,4,0,0,0,0,0,0,0,0,0,0,0,0,0,0,0,0,0,0,0
0.110005,0,0,0,0,0,0,0,0,0,0,0,0,0,0,1,1,2,0,4,9,15,31,28,74,96,122,130,169,209,198,217,175,145,109,96,70,45,25,13,9,4,3,0,0,0,0,0,0,0,0,0,0,0,0,0,0,0,0,0,0
0.111005,0,0,0,0,0,0,0,0,0,0,0,0,0,0,0,0,0,2,0,3,5,22,35,68,87,117,165,177,187,225,229,159,171,125,84,55,29,23,16,12,3,1,0,0,0,0,0,0,0,0,0,0,0,0,0,0,0,0,0,0
0.112005,0,0,0,0,0,0,0,0,0,0,0,0,0,0,0,0,1,2,2,12,13,18,44,56,101,100,131,185,184,217,206,191,151,140,93,57,46,18,15,9,3,4,0,1,0,0,0,0,0,0,0,0,0,0,0,0,0,0,0,0
0.113005,0,0,0,0,0,0,0,0,0,0,0,0,0,0,0,0,1,1,5,7,16,22,52,73,98,107,133,184,174,196,185,179,157,136,88,77,46,28,16,11,6,0,2,0,0,0,0,0,0,0,0,0,0,0,0,0,0,0,0,0
0.114005,0,0,0,0,0,0,0,0,0,0,0,0,0,0,1,1,2,0,4,6,9,31,30,65,100,130,161,200,163,230,208,171,154,119,77,61,34,19,10,9,1,4,0,0,0,0,0,0,0,0,0,0,0,0,0,0,0,0,0,0
0.115005,0,0,0,0,0,0,0,0,0,0,0,0,0,0,0,0,0,3,2,8,24,24,43,57,88,129,155,173,198,219,179,184,173,105,91,52,45,18,16,6,7,1,0,0,0,0,0,0,0,0,0,0,0,0,0,0,0,0,0,0
0.116005,0,0,0,0,0,0,0,0,0,0,0,0,0,0,0,0,0,0,3,11,23,31,47,61,94,131,158,174,203,204,172,198,159,125,72,61,33,23,8,8,1,0,0,0,0,0,0,0,0,0,0,0,0,0,0,0,0,0,0,0
0.117005,0,0,0,0,0,0,0,0,0,0,0,0,0,0,0,0,0,2,1,11,6,30,50,67,95,144,143,174,186,207,209,156,145,118,96,70,40,30,14,3,2,0,0,0,1,0,0,0,0,0,0,0,0,0,0,0,0,0,0,0
0.118005,0,0,0,0,0,0,0,0,0,0,0,0,0,0,1,0,0,2,5,9,14,28,46,66,92,103,165,172,180,213,201,174,135,131,94,76,43,25,9,10,1,3,2,0,0,0,0,0,0,0,0,0,0,0,0,0,0,0,0,0
0.119005,0,0,0,0,0,0,0,0,0,0,0,0,0,0,0,0,0,3,3,3,12,30,38,62,87,126,153,182,202,181,179,207,149,118,99,64,45,26,16,8,4,3,0,0,0,0,0,0,0,0,0,0,0,0,0,0,0,0,0,0
0.120005,0,0,0,0,0,0,0,0,0,0,0,0,0,0,0,0,0,1,6,10,19,22,54,55,99,109,154,182,179,189,197,193,163,116,96,65,42,24,17,4,4,0,0,0,0,0,0,0,0,0,0,0,0,0,0,0,0,0,0,0
0.121005,0,0,0,0,0,0,0,0,0,0,0,0,0,0,0,0,1,1,3,4,13,40,41,54,81,128,146,213,190,194,182,175,170,121,87,62,38,22,21,9,0,3,1,0,0,0,0,0,0,0,0,0,0,0,0,0,0,0,0,0
0.122005,0,0,0,0,0,0,0,0,0,0,0,0,0,0,0,0,0,0,2,3,16,16,51,59,87,138,144,187,199,192,183,174,170,133,76,69,60,16,8,5,2,8,1,0,1,0,0,0,0,0,0,0,0,0,0,0,0,0,0,0
0.123005,0,0,0,0,0,0,0,0,0,0,0,0,0,0,0,0,0,3,9,10,19,24,35,66,113,130,158,175,168,210,177,171,147,113,103,70,42,35,10,7,2,3,0,0,0,0,0,0,0,0,0,0,0,0,0,0,0,0,0,0
0.124005,0,0,0,0,0,0,0,0,0,0,0,0,0,0,0,0,0,1,4,4,13,26,51,73,99,127,162,180,190,204,185,193,147,117,74,68,39,18,13,3,2,1,5,1,0,0,0,0,0,0,0,0,0,0,0,0,0,0,0,0
0.125005,0,0,0,0,0,0,0,0,0,0,0,0,0,0,0,0,0,0,2,5,22,37,46,69,96,135,139,204,212,217,193,176,139,110,84,52,24,14,9,10,4,1,0,0,0,0,0,0,0,0,0,0,0,0,0,0,0,0,0,0
0.126005,0,0,0,0,0,0,0,0,0,0,0,0,0,0,0,0,0,1,1,8,17,27,43,51,103,123,142,153,200,198,188,188,155,135,98,63,37,31,20,9,3,5,1,0,0,0,0,0,0,0,0,0,0,0,0,0,0,0,0,0
0.127005,0,0,0,0,0,0,0,0,0,0,0,0,0,0,0,0,0,3,5,8,16,33,40,66,88,132,169,200,200,229,203,145,153,112,86,46,23,27,8,6,1,0,0,0,1,0,0,0,0,0,0,0,0,0,0,0,0,0,0,0
0.128005,0,0,0,0,0,0,0,0,0,0,0,0,0,0,0,0,0,0,2,5,13,29,45,64,85,115,146,177,197,198,206,168,129,127,112,77,39,27,18,11,4,3,2,1,0,0,0,0,0,0,0,0,0,0,0,0,0,0,0,0
0.129005,0,0,0,0,0,0,0,0,0,0,0,0,0,0,0,1,3,3,2,12,12,24,47,71,89,131,151,167,204,195,206,174,150,126,100,58,29,19,10,8,4,3,1,0,0,0,0,0,0,0,0,0,0,0,0,0,0,0,0,0
0.130005,0,0,0,0,0,0,0,0,0,0,0,0,0,0,0,1,1,1,5,7,19,35,43,54,93,114,146,164,220,194,186,167,165,113,85,73,47,28,21,11,3,3,1,0,0,0,0,0,0,0,0,0,0,0,0,0,0,0,0,0
0.131005,0,0,0,0,0,0,0,0,0,0,0,0,0,0,0,0,0,0,1,11,16,27,46,52,86,137,128,180,182,160,198,183,160,137,98,82,47,24,23,10,5,4,2,1,0,0,0,0,0,0,0,0,0,0,0,0,0,0,0,0
0.132005,0,0,0,0,0,0,0,0,0,0,0,0,0,0,0,0,0,0,1,7,10,22,43,61,80,124,167,178,189,229,210,170,158,134,82,61,33,20,8,7,4,2,0,0,0,0,0,0,0,0,0,0,0,0,0,0,0,0,0,0
0.133005,0,0,0,0,0,0,0,0,0,0,0,0,0,0,0,0,0,1,4,7,10,12,48,63,102,125,167,171,223,198,173,176,144,136,105,48,46,24,7,7,3,0,0,0,0,0,0,0,0,0,0,0,0,0,0,0,0,0,0,0
0.134005,0,0,0,0,0,0,0,0,0,0,0,0,0,0,2,0,0,2,5,10,15,22,43,62,96,113,150,181,223,210,225,184,149,108,72,48,30,27,13,3,3,1,2,0,1,0,0,0,0,0,0,0,0,0,0,0,0,0,0,0
0.135005,0,0,0,0,0,0,0,0,0,0,0,0,0,0,0,0,0,3,2,9,28,33,44,80,97,118,160,175,210,190,180,183,139,114,88,65,42,19,11,6,1,1,1,0,1,0,0,0,0,0,0,0,0,0,0,0,0,0,0,0
0.136005,0,0,0,0,0,0,0,0,0,0,0,0,0,0,0,1,0,1,4,8,10,24,46,63,91,118,141,175,207,207,186,191,161,105,101,68,41,28,12,6,4,0,1,0,0,0,0,0,0,0,0,0,0,0,0,0,0,0,0,0
0.137005,0,0,0,0,0,0,0,0,0,0,0,0,0,0,0,0,0,3,1,6,14,22,41,67,87,126,153,184,224,191,209,173,144,121,88,62,35,21,13,6,5,3,1,0,0,0,0,0,0,0,0,0,0,0,0,0,0,0,0,0
0.138005,0,0,0,0,0,0,0,0,0,0,0,0,0,0,0,0,1,1,7,12,13,38,45,56,113,151,144,198,200,188,204,155,162,107,70,53,33,33,5,6,4,0,0,0,1,0,0,0,0,0,0,0,0,0,0,0,0,0,0,0
0.139005,0,0,0,0,0,0,0,0,0,0,0,0,0,0,0,0,2,1,1,7,7,20,40,61,87,107,135,190,182,208,211,167,156,130,113,63,56,28,11,9,6,1,1,0,0,0,0,0,0,0,0,0,0,0,0,0,0,0,0,0
0.140005,0,0,0,0,0,0,0,0,0,0,0,0,0,0,0,0,0,1,3,14,20,26,50,79,104,156,160,178,203,202,193,189,127,97,72,55,27,21,13,4,4,2,0,0,0,0,0,0,0,0,0,0,0,0,0,0,0,0,0,0
0.141005,0,0,0,0,0,0,0,0,0,0,0,0,0,0,0,0,2,4,2,10,15,20,45,64,88,132,169,187,204,188,209,196,152,116,66,62,27,15,13,6,6,1,1,0,0,0,0,0,0,0,0,0,0,0,0,0,0,0,0,0
0.142005,0,0,0,0,0,0,0,0,0,0,0,0,0,0,0,1,2,1,7,8,9,28,43,48,98,117,170,177,209,212,183,185,149,101,94,71,36,18,19,5,4,5,0,0,0,0,0,0,0,0,0,0,0,0,0,0,0,0,0,0
0.143005,0,0,0,0,0,0,0,0,0,0,0,0,0,0,0,0,0,0,6,8,16,19,53,67,104,133,149,168,199,217,208,173,145,109,83,77,29,19,9,4,2,3,0,0,0,0,0,0,0,0,0,0,0,0,0,0,0,0,0,0
0.144005,0,0,0,0,0,0,0,0,0,0,0,0,0,0,0,0,0,1,0,4,11,28,45,56,99,120,167,183,193,199,198,201,138,116,81,70,37,25,14,10,3,0,0,1,0,0,0,0,0,0,0,0,0,0,0,0,0,0,0,0
0.145005,0,0,0,0,0,0,0,0,0,0,0,0,0,0,0,0,0,1,4,12,11,25,56,58,91,128,148,170,218,191,201,183,158,122,80,60,43,19,14,6,0,1,0,0,0,0,0,0,0,0,0,0,0,0,0,0,0,0,0,0
0.146005,0,0,0,0,0,0,0,0,0,0,0,0,0,0,0,2,2,4,0,14,13,17,49,55,84,127,138,196,217,217,226,172,152,114,69,58,27,16,13,11,4,2,1,0,0,0,0,0,0,0,0,0,0,0,0,0,0,0,0,0
0.147005,0,0,0,0,0,0,0,0,0,0,0,0,0,0,0,0,1,0,2,17,19,23,43,69,91,127,141,185,183,189,181,176,185,128,107,58,42,12,12,5,2,2,0,0,0,0,0,0,0,0,0,0,0,0,0,0,0,0,0,0
0.148005,0,0,0,0,0,0,0,0,0,0,0,0,0,0,0,0,0,1,6,6,9,19,43,59,92,134,161,199,205,232,212,185,139,89,74,60,34,19,11,5,4,0,0,2,0,0,0,0,0,0,0,0,0,0,0,0,0,0,0,0
0.149005,0,0,0,0,0,0,0,0,0,0,0,0,0,0,0,0,0,3,5,6,21,31,45,62,83,131,145,185,219,192,197,196,164,122,81,41,32,18,12,7,0,0,1,1,0,0,0,0,0,0,0,0,0,0,0,0,0,0,0,0
0.150005,0,0,0,0,0,0,0,0,0,0,0,0,0,0,0,0,0,2,5,10,22,23,57,57,103,126,183,171,217,189,193,167,150,122,79,54,37,13,11,7,2,0,0,0,0,0,0,0,0,0,0,0,0,0,0,0,0,0,0,0
0.151005,0,0,0,0,0,0,0,0,0,0,0,0,0,0,0,2,0,4,5,11,22,23,56,89,91,121,152,189,215,216,183,191,132,107,82,42,36,17,7,6,1,0,0,0,0,0,0,0,0,0,0,0,0,0,0,0,0,0,0,0
0.152005,0,0,0,0,0,0,0,0,0,0,0,0,0,0,0,0,1,3,3,11,14,45,51,69,104,137,161,184,198,190,192,178,144,109,64,60,33,27,13,6,2,1,0,0,0,0,0,0,0,0,0,0,0,0,0,0,0,0,0,0
0.153005,0,0,0,0,0,0,0,0,0,0,0,0,0,1,0,0,0,1,3,7,13,24,50,72,91,132,170,180,211,204,205,172,142,114,78,53,35,22,9,5,3,0,3,0,0,0,0,0,0,0,0,0,0,0,0,0,0,0,0,0
0.154005,0,0,0,0,0,0,0,0,0,0,0,0,0,1,0,0,2,2,4,10,18,25,49,82,84,147,151,189,189,223,204,166,143,116,76,45,32,20,10,5,4,1,2,0,0,0,0,0,0,0,0,0,0,0,0,0,0,0,0,0
0.155005,0,0,0,0,0,0,0,0,0,0,0,0,0,0,0,0,0,3,3,10,18,25,44,66,98,131,178,196,206,194,205,146,125,125,97,65,28,13,13,6,1,3,1,0,0,0,0,0,0,0,0,0,0,0,0,0,0,0,0,0
0.156005,0,0,0,0,0,0,0,0,0,0,0,0,0,0,0,0,5,4,7,14,15,40,52,79,104,107,167,172,197,205,210,172,137,104,86,56,31,15,9,5,3,3,1,0,0,0,0,0,0,0,0,0,0,0,0,0,0,0,0,0
0.157005,0,0,0,0,0,0,0,0,0,0,0,0,0,0,0,0,3,2,4,6,13,33,44,74,86,118,160,179,181,218,215,161,159,113,77,47,48,28,17,11,2,0,1,0,0,0,0,0,0,0,0,0,0,0,0,0,0,0,0,0
0.158005,0,0,0,0,0,0,0,0,0,0,0,0,0,0,2,2,0,2,3,6,17,31,37,71,101,135,158,163,196,189,205,184,155,117,67,64,44,26,9,8,5,1,1,1,0,0,0,0,0,0,0,0,0,0,0,0,0,0,0,0
0.159005,0,0,0,0,0,0,0,0,0,0,0,0,0,0,1,0,3,2,2,5,21,21,38,72,96,126,160,185,214,211,207,177,124,127,71,64,33,13,12,8,3,2,2,0,0,0,0,0,0,0,0,0,0,0,0,0,0,0,0,0
0.160005,0,0,0,0,0,0,0,0,0,0,0,0,0,0,0,0,0,2,1,3,9,19,47,71,97,138,165,176,222,195,179,175,150,133,90,58,34,23,4,3,5,1,0,0,0,0,0,0,0,0,0,0,0,0,0,0,0,0,0,0
0.161005,0,0,0,0,0,0,0,0,0,0,0,0,0,0,0,0,2,3,3,5,21,31,52,64,103,138,170,202,180,184,221,173,150,97,74,55,36,23,9,3,1,0,0,0,0,0,0,0,0,0,0,0,0,0,0,0,0,0,0,0
0.162005,0,0,0,0,0,0,0,0,0,0,0,0,0,0,0,1,0,1,3,15,19,41,43,59,99,130,142,159,193,193,187,180,146,135,93,65,47,29,5,5,4,3,1,2,0,0,0,0,0,0,0,0,0,0,0,0,0,0,0,0
0.163005,0,0,0,0,0,0,0,0,0,0,0,0,0,0,0,0,1,1,5,12,27,38,57,66,104,123,168,185,214,193,207,173,129,111,77,42,32,23,4,3,4,1,0,0,0,0,0,0,0,0,0,0,0,0,0,0,0,0,0,0
0.164005,0,0,0,0,0,0,0,0,0,0,0,0,0,0,0,0,1,2,3,9,23,39,56,84,123,151,173,217,184,190,178,156,112,98,70,49,32,24,15,8,2,0,1,0,0,0,0,0,0,0,0,0,0,0,0,0,0,0,0,0
0.165005,0,0,0,0,0,0,0,0,0,0,0,0,0,0,0,0,1,1,5,13,20,21,45,64,94,118,145,150,212,205,217,190,160,129,85,57,22,23,11,4,3,3,2,0,0,0,0,0,0,0,0,0,0,0,0,0,0,0,0,0
0.166005,0,0,0,0,0,0,0,0,0,0,0,0,0,0,1,1,2,2,4,16,19,38,51,74,98,118,173,208,215,194,189,173,123,97,82,42,43,18,8,5,3,0,0,1,0,1,1,0,0,0,0,0,0,0,0,0,0,0,0,0
0.167005,0,0,0,0,0,0,0,0,0,0,0,0,0,0,0,0,1,2,7,13,12,31,63,72,85,119,159,191,206,185,187,179,155,116,88,62,41,13,6,5,1,1,0,0,0,0,0,0,0,0,0,0,0,0,0,0,0,0,0,0
0.168005,0,0,0,0,0,0,0,0,0,0,0,0,0,0,0,0,0,2,4,9,26,39,49,81,101,108,169,224,182,234,192,174,145,104,59,38,31,12,8,4,1,2,2,0,0,0,0,0,0,0,0,0,0,0,0,0,0,0,0,0
0.169005,0,0,0,0,0,0,0,0,0,0,0,0,0,0,0,0,1,2,5,10,23,40,51,78,120,167,184,167,202,184,190,145,132,94,76,54,36,24,8,6,0,1,0,0,0,0,0,0,0,0,0,0,0,0,0,0,0,0,0,0
0.170005,0,0,0,0,0,0,0,0,0,0,0,0,0,0,1,0,1,0,5,8,23,21,48,68,102,141,191,214,196,198,195,148,151,91,76,42,31,23,12,10,3,0,1,0,0,0,0,0,0,0,0,0,0,0,0,0,0,0,0,0
0.171005,0,0,0,0,0,0,0,0,0,0,0,0,0,0,0,1,0,3,4,14,21,30,64,82,116,144,175,197,205,203,176,160,116,98,69,48,33,19,12,4,6,0,0,0,0,0,0,0,0,0,0,0,0,0,0,0,0,0,0,0
0.172005,0,0,0,0,0,0,0,0,0,0,0,0,0,0,0,0,0,1,4,5,13,19,40,72,89,139,151,202,207,209,195,157,170,115,101,47,28,19,11,2,4,0,0,0,0,0,0,0,0,0,0,0,0,0,0,0,0,0,0,0
0.173005,0,0,0,0,0,0,0,0,0,0,0,0,0,0,0,0,0,3,6,10,12,23,32,63,86,134,186,191,220,229,221,154,146,106,66,52,34,13,9,4,0,0,0,0,0,0,0,0,0,0,0,0,0,0,0,0,0,0,0,0
0.174005,0,0,0,0,0,0,0,0,0,0,0,0,0,0,0,0,2,1,5,12,9,32,60,86,117,124,161,166,204,210,167,181,131,93,89,60,35,23,18,7,4,2,0,0,1,0,0,0,0,0,0,0,0,0,0,0,0,0,0,0
0.175005,0,0,0,0,0,0,0,0,0,0,0,0,0,0,1,1,1,1,5,3,15,27,60,67,89,122,170,185,209,208,202,166,157,102,69,53,34,21,12,9,8,1,2,0,0,0,0,0,0,0,0,0,0,0,0,0,0,0,0,0
0.176005,0,0,0,0,0,0,0,0,0,0,0,0,0,0,0,0,1,2,4,4,14,23,46,69,109,134,146,182,217,197,225,171,126,106,87,59,41,16,10,4,2,2,3,0,0,0,0,0,0,0,0,0,0,0,0,0,0,0,0,0
0.177005,0,0,0,0,0,0,0,0,0,0,0,0,0,0,0,0,0,3,7,16,19,22,41,75,130,136,171,187,216,187,207,153,142,95,77,35,30,26,15,9,1,0,0,0,0,0,0,0,0,0,0,0,0,0,0,0,0,0,0,0
0.178005,0,0,0,0,0,0,0,0,0,0,0,0,0,0,0,2,2,3,1,3,27,27,64,75,116,155,170,202,191,196,197,127,137,98,79,59,27,14,15,4,4,5,0,0,0,0,0,0,0,0,0,0,0,0,0,0,0,0,0,0
0.179005,0,0,0,0,0,0,0,0,0,0,0,0,0,0,0,0,0,1,8,11,15,36,65,100,115,147,185,173,201,175,186,165,139,95,78,49,28,12,5,5,5,1,0,0,0,0,0,0,0,0,0,0,0,0,0,0,0,0,0,0
0.180005,0,0,0,0,0,0,0,0,0,0,0,0,0,1,0,1,3,2,2,13,17,38,52,59,103,127,177,193,201,218,199,158,134,88,91,58,33,14,6,7,4,1,0,0,0,0,0,0,0,0,0,0,0,0,0,0,0,0,0,0
0.181005,0,0,0,0,0,0,0,0,0,0,0,0,0,0,0,0,0,2,5,8,27,38,59,69,106,153,181,193,185,189,214,161,125,95,68,60,36,14,2,9,1,0,0,0,0,0,0,0,0,0,0,0,0,0,0,0,0,0,0,0
0.182005,0,0,0,0,0,0,0,0,0,0,0,0,0,0,0,1,1,4,4,9,11,29,53,66,92,148,146,186,180,201,218,197,141,111,73,46,39,20,12,4,5,3,0,0,0,0,0,0,0,0,0,0,0,0,0,0,0,0,0,0
0.183005,0,0,0,0,0,0,0,0,0,0,0,0,0,0,1,1,0,3,6,15,14,31,61,86,91,145,163,163,213,213,195,158,124,114,77,58,26,21,8,5,7,0,1,0,0,0,0,0,0,0,0,0,0,0,0,0,0,0,0,0
0.184005,0,0,0,0,0,0,0,0,0,0,0,0,0,0,0,2,1,2,6,7,22,38,67,98,126,146,187,184,185,189,195,151,142,89,61,57,24,10,7,3,0,1,0,0,0,0,0,0,0,0,0,0,0,0,0,0,0,0,0,0
0.185005,0,0,0,0,0,0,0,0,0,0,0,0,0,0,0,0,1,3,2,3,20,28,56,91,92,147,154,172,218,192,188,177,145,99,73,70,37,19,8,2,3,0,0,0,0,0,0,0,0,0,0,0,0,0,0,0,0,0,0,0
0.186005,0,0,0,0,0,0,0,0,0,0,0,0,0,0,0,2,0,2,2,8,23,33,54,103,102,134,166,188,208,227,173,175,133,103,73,39,24,16,9,1,1,0,0,0,1,0,0,0,0,0,0,0,0,0,0,0,0,0,0,0
0.187005,0,0,0,0,0,0,0,0,0,0,0,0,0,0,1,0,0,3,5,14,23,37,44,63,106,158,169,205,187,219,181,145,128,99,82,54,36,14,16,4,6,1,0,0,0,0,0,0,0,0,0,0,0,0,0,0,0,0,0,0
0.188005,0,0,0,0,0,0,0,0,0,0,0,0,0,0,0,0,1,3,7,11,27,48,71,75,103,129,157,200,179,197,170,190,141,103,83,46,26,19,5,6,1,2,0,0,0,0,0,0,0,0,0,0,0,0,0,0,0,0,0,0
0.189005,0,0,0,0,0,0,0,0,0,0,0,0,0,0,0,0,0,4,7,7,23,39,48,84,116,142,154,174,216,228,191,176,145,88,70,33,26,20,5,4,0,0,0,0,0,0,0,0,0,0,0,0,0,0,0,0,0,0,0,0
0.190005,0,0,0,0,0,0,0,0,0,0,0,0,0,0,0,1,0,3,10,11,18,34,41,83,105,139,171,196,219,196,163,182,136,92,83,50,32,21,7,2,3,1,0,1,0,0,0,0,0,0,0,0,0,0,0,0,0,0,0,0
0.191005,0,0,0,0,0,0,0,0,0,0,0,0,0,0,0,1,0,6,11,16,20,28,49,61,106,161,196,201,234,187,167,138,124,92,78,46,30,17,18,6,3,3,1,0,0,0,0,0,0,0,0,0,0,0,0,0,0,0,0,0
0.192005,0,0,0,0,0,0,0,0,0,0,0,0,0,0,0,2,1,0,4,17,21,34,44,73,121,146,184,231,216,212,171,152,119,76,67,49,30,16,2,7,2,2,1,0,0,0,0,0,0,0,0,0,0,0,0,0,0,0,0,0
0.193005,0,0,0,0,0,0,0,0,0,0,0,0,0,0,0,1,1,7,17,22,24,31,54,90,138,153,199,201,178,200,187,154,123,92,41,34,20,18,9,4,1,1,0,0,0,0,0,0,0,0,0,0,0,0,0,0,0,0,0,0
0.194005,0,0,0,0,0,0,0,0,0,0,0,0,0,0,0,1,0,6,9,17,26,37,81,85,115,163,186,225,200,180,182,150,99,80,66,36,25,16,9,4,2,0,0,0,0,0,0,0,0,0,0,0,0,0,0,0,0,0,0,0
0.195005,0,0,0,0,0,0,0,0,0,0,0,0,0,0,0,0,0,3,3,5,15,32,39,33,99,117,170,199,219,190,203,158,160,110,76,66,49,32,15,6,1,0,0,0,0,0,0,0,0,0,0,0,0,0,0,0,0,0,0,0
0.196005,0,0,0,0,0,0,0,0,0,0,0,0,0,0,0,0,0,1,5,14,16,26,55,82,89,158,171,189,213,199,181,147,158,119,60,59,21,20,7,2,5,1,2,0,0,0,0,0,0,0,0,0,0,0,0,0,0,0,0,0
0.197005,0,0,0,0,0,0,0,0,0,0,0,0,0,0,0,0,1,4,6,15,16,40,53,83,105,165,187,172,203,198,190,169,112,98,66,57,20,20,9,7,3,1,0,0,0,0,0,0,0,0,0,0,0,0,0,0,0,0,0,0
0.198005,0,0,0,0,0,0,0,0,0,0,0,0,0,0,0,1,0,3,4,10,16,29,46,93,125,129,202,193,201,195,181,160,126,110,68,44,22,20,12,3,3,1,1,1,1,0,0,0,0,0,0,0,0,0,0,0,0,0,0,0
0.199005,0,0,0,0,0,0,0,0,0,0,0,0,0,0,0,0,2,3,5,8,14,38,68,100,106,156,152,178,194,184,185,198,140,98,60,46,33,15,5,4,1,6,1,0,0,0,0,0,0,0,0,0,0,0,0,0,0,0,0,0
0.200005,0,0,0,0,0,0,0,0,0,0,0,0,0,0,0,0,0,0,6,11,19,31,41,75,102,135,170,184,222,218,181,164,143,102,74,55,28,20,12,3,3,1,0,0,0,0,0,0,0,0,0,0,0,0,0,0,0,0,0,0
0.201005,0,0,0,0,0,0,0,0,0,0,0,0,0,0,0,0,1,3,9,16,28,38,54,85,121,149,180,182,223,231,170,169,101,96,60,41,16,18,6,2,1,0,0,0,0,0,0,0,0,0,0,0,0,0,0,0,0,0,0,0
0.202005,0,0,0,0,0,0,0,0,0,0,0,0,0,0,0,0,0,0,2,4,17,24,45,74,143,147,184,210,208,198,189,171,131,109,61,39,22,13,5,4,0,0,0,0,0,0,0,0,0,0,0,0,0,0,0,0,0,0,0,0
0.203005,0,0,0,0,0,0,0,0,0,0,0,0,0,0,0,0,0,3,9,10,22,39,62,83,107,168,193,204,207,210,188,144,105,81,59,46,24,17,10,2,2,1,2,1,1,0,0,0,0,0,0,0,0,0,0,0,0,0,0,0
0.204005,0,0,0,0,0,0,0,0,0,0,0,0,0,0,0,0,1,3,7,18,19,45,47,89,107,149,157,212,199,175,188,163,128,117,71,49,28,11,10,5,2,0,0,0,0,0,0,0,0,0,0,0,0,0,0,0,0,0,0,0
0.205005,0,0,0,0,0,0,0,0,0,0,0,0,0,1,0,0,0,3,4,15,20,40,81,75,116,143,167,173,179,209,219,151,121,111,61,45,29,18,13,3,1,0,2,0,0,0,0,0,0,0,0,0,0,0,0,0,0,0,0,0
0.206005,0,0,0,0,0,0,0,0,0,0,0,0,0,0,0,0,1,1,5,19,17,34,51,86,126,172,183,205,172,194,175,170,139,90,67,33,34,11,4,6,4,1,0,0,0,0,0,0,0,0,0,0,0,0,0,0,0,0,0,0
0.207005,0,0,0,0,0,0,0,0,0,0,0,0,0,0,1,3,1,2,3,6,12,28,47,77,108,138,135,213,206,222,213,170,131,109,65,45,31,14,7,7,2,2,2,0,0,0,0,0,0,0,0,0,0,0,0,0,0,0,0,0
0.208005,0,0,0,0,0,0,0,0,0,0,0,0,0,0,0,0,0,2,8,15,17,37,67,68,106,160,164,210,200,221,195,151,110,87,74,44,31,22,5,3,0,1,1,1,0,0,0,0,0,0,0,0,0,0,0,0,0,0,0,0
0.209005,0,0,0,0,0,0,0,0,0,0,0,0,0,0,0,0,0,2,10,14,28,42,63,82,124,142,183,193,204,214,161,174,132,74,61,36,29,15,5,8,2,2,0,0,0,0,0,0,0,0,0,0,0,0,0,0,0,0,0,0
0.210005,0,0,0,0,0,0,0,0,0,0,0,0,0,1,0,0,3,3,7,8,16,41,44,75,91,137,183,202,211,198,197,165,138,106,59,42,29,21,11,5,5,1,0,1,0,0,0,0,0,0,0,0,0,0,0,0,0,0,0,0
0.211005,0,0,0,0,0,0,0,0,0,0,0,0,0,0,0,0,5,2,3,15,34,34,79,88,107,178,175,190,214,197,169,154,112,88,51,45,36,19,2,2,0,0,1,0,0,0,0,0,0,0,0,0,0,0,0,0,0,0,0,0
0.212005,0,0,0,0,0,0,0,0,0,0,0,0,0,0,0,0,0,3,6,15,19,40,67,80,123,138,179,222,191,194,189,144,118,101,61,48,28,15,12,4,1,2,0,0,0,0,0,0,0,0,0,0,0,0,0,0,0,0,0,0
0.213005,0,0,0,0,0,0,0,0,0,0,0,0,0,0,0,1,0,1,6,8,21,35,64,88,121,171,168,197,187,189,197,162,124,96,77,45,21,16,5,0,0,0,0,0,0,0,0,0,0,0,0,0,0,0,0,0,0,0,0,0
0.214005,0,0,0,0,0,0,0,0,0,0,0,0,0,0,0,0,0,1,10,7,27,34,48,91,119,163,188,186,228,213,181,125,135,84,60,45,20,19,8,4,2,1,0,0,1,0,0,0,0,0,0,0,0,0,0,0,0,0,0,0
0.215005,0,0,0,0,0,0,0,0,0,0,0,0,0,0,0,0,2,2,8,17,32,36,54,63,119,152,171,199,211,179,192,160,151,91,55,47,21,25,5,3,1,0,2,2,0,0,0,0,0,0,0,0,0,0,0,0,0,0,0,0
0.216005,0,0,0,0,0,0,0,0,0,0,0,0,0,0,0,0,0,0,4,15,22,35,60,82,133,170,193,191,194,195,184,132,136,88,66,39,29,9,16,5,1,1,0,0,0,0,0,0,0,0,0,0,0,0,0,0,0,0,0,0
0.217005,0,0,0,0,0,0,0,0,0,0,0,0,0,0,0,4,2,2,8,16,17,38,65,86,95,161,196,222,198,200,179,144,132,90,66,24,24,17,5,4,1,3,1,0,0,0,0,0,0,0,0,0,0,0,0,0,0,0,0,0
0.218005,0,0,0,0,0,0,0,0,0,0,0,0,0,0,0,0,2,6,7,14,21,31,51,81,127,153,172,225,188,192,196,164,120,82,57,44,26,22,14,1,1,0,1,1,1,0,0,0,0,0,0,0,0,0,0,0,0,0,0,0
0.219005,0,0,0,0,0,0,0,0,0,0,0,0,0,0,0,0,0,2,5,6,24,52,81,110,117,163,188,203,222,183,171,137,115,76,66,35,25,13,4,2,0,0,0,0,0,0,0,0,0,0,0,0,0,0,0,0,0,0,0,0
0.220005,0,0,0,0,0,0,0,0,0,0,0,0,0,0,1,1,0,11,9,17,39,41,69,112,104,120,199,185,220,176,178,153,112,93,54,42,25,19,11,3,2,3,1,0,0,0,0,0,0,0,0,0,0,0,0,0,0,0,0,0
0.221005,0,0,0,0,0,0,0,0,0,0,0,0,0,0,1,1,2,3,17,12,15,37,58,94,115,136,174,183,229,240,190,156,115,76,57,41,26,10,4,5,3,0,0,0,0,0,0,0,0,0,0,0,0,0,0,0,0,0,0,0
0.222005,0,0,0,0,0,0,0,0,0,0,0,0,0,0,0,1,2,3,2,12,17,52,80,89,118,151,201,196,213,204,181,134,115,84,61,41,16,13,10,1,0,1,2,0,0,0,0,0,0,0,0,0,0,0,0,0,0,0,0,0
0.223005,0,0,0,0,0,0,0,0,0,0,0,0,0,0,0,0,1,4,13,23,31,39,81,89,121,136,189,181,221,205,172,153,109,88,57,42,24,9,4,3,3,2,0,0,0,0,0,0,0,0,0,0,0,0,0,0,0,0,0,0
0.224005,0,0,0,0,0,0,0,0,0,0,0,0,0,0,0,1,0,3,7,16,30,38,50,73,126,161,177,217,177,219,179,130,124,95,77,44,28,16,8,0,1,3,0,0,0,0,0,0,0,0,0,0,0,0,0,0,0,0,0,0
0.225005,0,0,0,0,0,0,0,0,0,0,0,0,0,0,0,0,4,1,7,9,33,49,75,113,116,161,196,193,187,189,174,163,95,86,60,38,16,22,8,3,1,0,1,0,0,0,0,0,0,0,0,0,0,0,0,0,0,0,0,0
0.226005,0,0,0,0,0,0,0,0,0,0,0,0,0,0,0,0,1,6,9,24,23,38,57,103,128,172,183,193,191,195,180,146,112,87,64,41,25,16,2,3,0,1,0,0,0,0,0,0,0,0,0,0,0,0,0,0,0,0,0,0
0.227005,0,0,0,0,0,0,0,0,0,0,0,0,0,0,0,1,1,0,5,16,27,36,68,88,128,169,186,223,167,194,180,170,117,70,51,56,21,16,5,4,1,0,0,0,0,0,0,0,0,0,0,0,0,0,0,0,0,0,0,0
0.228005,0,0,0,0,0,0,0,0,0,0,0,0,0,0,0,0,2,5,6,16,22,38,86,102,140,152,166,206,200,184,169,143,124,86,67,53,21,6,3,2,1,0,0,0,0,0,0,0,0,0,0,0,0,0,0,0,0,0,0,0
0.229005,0,0,0,0,0,0,0,0,0,0,0,0,0,0,0,0,0,3,8,12,15,40,65,81,138,155,188,196,213,210,147,154,128,97,58,45,16,23,6,2,0,0,0,0,0,0,0,0,0,0,0,0,0,0,0,0,0,0,0,0
0.230005,0,0,0,0,0,0,0,0,0,0,0,0,0,0,0,0,4,7,13,19,41,41,68,100,144,162,198,233,204,196,157,117,102,79,46,29,17,11,5,2,0,3,2,0,0,0,0,0,0,0,0,0,0,0,0,0,0,0,0,0
0.231005,0,0,0,0,0,0,0,0,0,0,0,0,0,0,1,0,2,10,5,16,31,46,73,107,140,155,184,168,216,182,180,145,111,91,48,42,27,10,8,1,1,0,0,0,0,0,0,0,0,0,0,0,0,0,0,0,0,0,0,0
0.232005,0,0,0,0,0,0,0,0,0,0,0,0,0,0,0,0,0,1,12,15,24,43,66,104,139,164,181,204,225,176,142,157,130,82,48,35,26,13,9,2,2,0,0,0,0,0,0,0,0,0,0,0,0,0,0,0,0,0,0,0
0.233005,0,0,0,0,0,0,0,0,0,0,0,0,1,0,0,0,2,4,8,17,36,49,88,95,125,131,180,193,193,195,175,139,130,85,62,35,30,14,7,4,2,0,0,0,0,0,0,0,0,0,0,0,0,0,0,0,0,0,0,0
0.234005,0,0,0,0,0,0,0,0,0,0,0,0,0,0,0,0,1,1,10,8,17,35,84,107,119,144,189,201,199,194,182,161,107,78,66,56,22,10,0,4,2,1,1,1,0,0,0,0,0,0,0,0,0,0,0,0,0,0,0,0
0.235005,0,0,0,0,0,0,0,0,0,0,0,0,0,0,2,1,1,7,5,14,27,38,53,110,132,160,161,191,200,178,183,139,125,122,71,47,13,11,6,0,3,0,0,0,0,0,0,0,0,0,0,0,0,0,0,0,0,0,0,0
0.236005,0,0,0,0,0,0,0,0,0,0,0,0,0,0,1,0,2,2,14,15,18,55,69,98,146,177,169,196,197,211,181,126,96,92,55,38,20,14,3,3,1,1,0,0,0,0,0,0,0,0,0,0,0,0,0,0,0,0,0,0
0.237005,0,0,0,0,0,0,0,0,0,0,0,0,0,0,0,0,3,4,3,19,21,32,63,68,113,169,197,169,219,206,171,140,121,120,68,37,17,21,3,8,7,0,1,0,0,0,0,0,0,0,0,0,0,0,0,0,0,0,0,0
0.238005,0,0,0,0,0,0,0,0,0,0,0,0,0,0,0,1,1,5,11,10,33,46,78,115,154,155,175,175,220,208,167,144,124,72,45,29,11,13,3,2,2,1,0,0,0,0,0,0,0,0,0,0,0,0,0,0,0,0,0,0
0.239005,0,0,0,0,0,0,0,0,0,0,0,0,0,1,0,0,2,4,11,12,32,39,69,84,125,168,166,210,202,177,167,162,125,87,61,40,27,13,9,5,1,1,0,0,0,0,0,0,0,0,0,0,0,0,0,0,0,0,0,0
0.240005,0,0,0,0,0,0,0,0,0,0,0,0,0,0,0,0,1,2,9,17,34,35,56,92,139,182,202,212,221,193,168,135,104,69,55,31,16,16,5,5,1,0,0,0,0,0,0,0,0,0,0,0,0,0,0,0,0,0,0,0
0.241005,0,0,0,0,0,0,0,0,0,0,0,0,0,0,0,2,0,0,13,16,26,42,74,97,117,173,192,208,217,208,170,135,94,74,60,35,17,8,12,5,2,1,1,1,0,0,0,0,0,0,0,0,0,0,0,0,0,0,0,0
0.242005,0,0,0,0,0,0,0,0,0,0,0,0,0,0,0,0,3,2,6,16,29,35,85,95,151,194,199,192,198,202,160,128,112,79,46,30,23,8,2,4,0,1,0,0,0,0,0,0,0,0,0,0,0,0,0,0,0,0,0,0
0.243005,0,0,0,0,0,0,0,0,0,0,0,0,0,0,0,2,1,4,12,11,21,40,53,99,133,174,178,214,201,199,181,169,127,72,52,31,15,4,4,3,0,0,0,0,0,0,0,0,0,0,0,0,0,0,0,0,0,0,0,0
0.244005,0,0,0,0,0,0,0,0,0,0,0,0,0,0,2,3,1,3,17,12,30,44,64,96,128,158,165,201,214,195,182,146,130,78,51,44,17,10,7,2,0,0,0,0,0,0,0,0,0,0,0,0,0,0,0,0,0,0,0,0
0.245005,0,0,0,0,0,0,0,0,0,0,0,0,0,0,0,1,1,3,10,10,35,59,58,81,129,153,203,245,214,190,141,133,104,86,52,47,25,8,5,3,4,0,0,0,0,0,0,0,0,0,0,0,0,0,0,0,0,0,0,0
0.246005,0,0,0,0,0,0,0,0,0,0,0,0,0,0,0,2,7,2,7,11,24,37,65,106,147,163,198,210,202,215,162,138,108,64,61,34,24,11,2,0,0,0,0,0,0,0,0,0,0,0,0,0,0,0,0,0,0,0,0,0
0.247005,0,0,0,0,0,0,0,0,0,0,0,0,0,0,0,1,4,3,4,16,32,39,87,106,147,172,208,227,182,174,153,124,96,99,54,38,17,7,5,4,1,0,0,0,0,0,0,0,0,0,0,0,0,0,0,0,0,0,0,0
0.248005,0,0,0,0,0,0,0,0,0,0,0,0,0,0,0,0,0,3,12,17,35,47,66,102,133,181,201,220,214,178,138,121,108,102,49,35,21,8,4,2,3,0,0,0,0,0,0,0,0,0,0,0,0,0,0,0,0,0,0,0
0.249005,0,0,0,0,0,0,0,0,0,0,0,0,0,1,0,0,5,13,15,19,32,48,74,105,115,160,197,215,223,166,187,129,95,67,51,31,24,12,9,4,3,0,0,0,0,0,0,0,0,0,0,0,0,0,0,0,0,0,0,0
0.250005,0,0,0,0,0,0,0,0,0,0,0,0,0,0,0,0,0,4,8,19,19,41,81,92,143,169,177,173,204,213,188,145,106,80,56,44,20,4,8,3,2,1,0,0,0,0,0,0,0,0,0,0,0,0,0,0,0,0,0,0
0.251005,0,0,0,0,0,0,0,0,0,0,0,0,0,0,2,1,4,7,11,20,28,61,59,111,129,146,194,211,191,189,175,150,110,78,49,26,26,12,4,4,1,0,1,0,0,0,0,0,0,0,0,0,0,0,0,0,0,0,0,0
0.252005,0,0,0,0,0,0,0,0,0,0,0,0,0,0,0,0,0,5,8,17,28,41,50,109,128,166,199,201,210,181,194,142,94,83,57,42,16,11,11,5,1,1,0,0,0,0,0,0,0,0,0,0,0,0,0,0,0,0,0,0
0.253005,0,0,0,0,0,0,0,0,0,0,0,0,0,0,0,0,1,0,5,12,24,56,89,100,143,152,184,200,221,204,165,132,109,82,42,42,19,9,7,1,0,1,0,0,0,0,0,0,0,0,0,0,0,0,0,0,0,0,0,0
0.254005,0,0,0,0,0,0,0,0,0,0,0,0,0,0,0,1,0,10,12,29,33,49,83,117,133,162,196,172,212,188,181,143,88,80,40,30,16,11,7,2,2,3,0,0,0,0,0,0,0,0,0,0,0,0,0,0,0,0,0,0
0.255005,0,0,0,0,0,0,0,0,0,0,0,0,0,0,1,2,2,3,10,13,26,47,72,115,146,159,200,175,193,184,185,137,114,85,54,41,18,10,7,0,0,0,0,1,0,0,0,0,0,0,0,0,0,0,0,0,0,0,0,0
0.256005,0,0,0,0,0,0,0,0,0,0,0,0,0,0,2,2,3,3,6,12,27,55,83,102,109,145,192,158,204,179,185,162,121,85,58,43,36,16,4,6,2,0,0,0,0,0,0,0,0,0,0,0,0,0,0,0,0,0,0,0
0.257005,0,0,0,0,0,0,0,0,0,0,0,0,0,0,1,1,3,6,9,11,25,62,85,76,139,159,203,208,216,224,161,144,88,66,40,32,20,9,6,5,0,0,1,0,0,0,0,0,0,0,0,0,0,0,0,0,0,0,0,0
0.258005,0,0,0,0,0,0,0,0,0,0,0,0,0,0,0,0,0,4,3,7,23,45,70,101,123,183,219,207,206,205,170,135,107,66,52,38,22,8,4,1,1,0,0,0,0,0,0,0,0,0,0,0,0,0,0,0,0,0,0,0
0.259005,0,0,0,0,0,0,0,0,0,0,0,0,0,0,0,0,2,1,5,22,41,56,78,95,108,202,197,196,200,174,161,138,118,84,59,28,16,8,4,3,3,1,0,0,0,0,0,0,0,0,0,0,0,0,0,0,0,0,0,0
0.260005,0,0,0,0,0,0,0,0,0,0,0,0,0,0,3,2,2,3,16,24,22,60,78,99,138,171,188,198,185,202,150,139,115,88,49,40,14,10,2,0,2,0,0,0,0,0,0,0,0,0,0,0,0,0,0,0,0,0,0,0
0.261005,0,0,0,0,0,0,0,0,0,0,0,0,0,0,0,0,1,3,8,34,41,71,92,102,174,148,208,229,208,178,153,123,85,54,33,32,15,6,1,1,0,0,0,0,0,0,0,0,0,0,0,0,0,0,0,0,0,0,0,0
0.262005,0,0,0,0,0,0,0,0,0,0,0,0,0,0,0,0,3,6,15,14,23,57,72,104,143,168,181,225,213,174,165,117,94,94,49,47,15,12,4,4,1,0,0,0,0,0,0,0,0,0,0,0,0,0,0,0,0,0,0,0
0.263005,0,0,0,0,0,0,0,0,0,0,0,0,0,0,0,0,2,7,9,9,37,50,63,105,126,166,211,242,181,188,156,120,114,76,64,32,29,10,0,1,2,0,0,0,0,0,0,0,0,0,0,0,0,0,0,0,0,0,0,0
0.264005,0,0,0,0,0,0,0,0,0,0,0,0,0,0,0,3,4,8,14,19,28,49,84,99,139,163,174,206,214,186,145,157,110,84,56,29,14,11,3,1,0,0,0,0,0,0,0,0,0,0,0,0,0,0,0,0,0,0,0,0
0.265005,0,0,0,0,0,0,0,0,0,0,0,0,0,0,0,0,2,5,10,31,38,57,99,121,158,183,177,209,183,196,143,115,98,73,49,29,6,12,2,3,1,0,0,0,0,0,0,0,0,0,0,0,0,0,0,0,0,0,0,0
0.266005,0,0,0,0,0,0,0,0,0,0,0,0,0,0,0,1,4,7,7,15,29,60,72,110,153,166,194,188,189,165,157,132,101,82,56,50,34,17,10,1,0,0,0,0,0,0,0,0,0,0,0,0,0,0,0,0,0,0,0,0
0.267005,0,0,0,0,0,0,0,0,0,0,0,0,0,0,2,0,2,4,7,11,25,51,70,114,150,191,203,214,188,174,164,141,99,80,49,24,20,9,4,1,1,0,2,0,0,0,0,0,0,0,0,0,0,0,0,0,0,0,0,0
0.268005,0,0,0,0,0,0,0,0,0,0,0,0,0,0,0,0,3,1,7,16,36,57,72,112,170,178,201,196,194,185,170,122,87,64,58,37,16,9,5,1,2,1,0,0,0,0,0,0,0,0,0,0,0,0,0,0,0,0,0,0
0.269005,0,0,0,0,0,0,0,0,0,0,0,0,0,0,1,1,0,8,8,18,34,41,69,118,136,146,194,198,240,208,153,125,111,65,40,35,21,13,6,4,5,1,1,0,0,0,0,0,0,0,0,0,0,0,0,0,0,0,0,0
0.270005,0,0,0,0,0,0,0,0,0,0,0,0,0,0,0,2,0,3,7,21,40,72,76,121,181,162,218,220,194,200,132,112,93,64,43,18,18,3,0,0,0,0,0,0,0,0,0,0,0,0,0,0,0,0,0,0,0,0,0,0
0.271005,0,0,0,0,0,0,0,0,0,0,0,0,0,0,0,1,1,2,6,11,37,40,79,113,127,170,219,258,191,182,159,121,109,67,50,31,9,5,9,0,0,2,0,1,0,0,0,0,0,0,0,0,0,0,0,0,0,0,0,0
0.272005,0,0,0,0,0,0,0,0,0,0,0,0,0,2,1,1,2,6,10,19,29,50,73,110,148,173,201,213,229,165,148,135,95,75,50,33,16,8,1,1,4,0,0,0,2,0,0,0,0,0,0,0,0,0,0,0,0,0,0,0
0.273005,0,0,0,0,0,0,0,0,0,0,0,0,0,0,2,2,1,1,19,18,34,63,84,113,136,151,183,207,211,181,181,142,102,65,40,27,15,13,4,4,0,0,0,1,0,0,0,0,0,0,0,0,0,0,0,0,0,0,0,0
0.274005,0,0,0,0,0,0,0,0,0,0,0,0,0,0,0,0,2,10,14,12,23,51,58,118,136,151,178,220,239,197,161,156,102,68,43,33,13,13,1,1,0,0,0,0,0,0,0,0,0,0,0,0,0,0,0,0,0,0,0,0
0.275005,0,0,0,0,0,0,0,0,0,0,0,0,0,0,0,2,5,7,5,21,36,51,89,100,154,152,219,215,207,165,147,158,92,68,48,18,13,12,10,2,2,1,1,0,0,0,0,0,0,0,0,0,0,0,0,0,0,0,0,0
0.276005,0,0,0,0,0,0,0,0,0,0,0,0,0,0,0,0,3,8,7,22,30,58,80,102,135,168,191,207,202,205,178,131,84,78,46,20,18,14,12,0,0,0,0,1,0,0,0,0,0,0,0,0,0,0,0,0,0,0,0,0
0.277005,0,0,0,0,0,0,0,0,0,0,0,0,1,0,1,0,5,9,11,26,32,60,85,99,125,171,167,214,188,216,159,143,102,62,49,34,23,17,1,0,0,0,0,0,0,0,0,0,0,0,0,0,0,0,0,0,0,0,0,0
0.278005,0,0,0,0,0,0,0,0,0,0,0,0,0,0,1,1,6,10,9,22,29,53,72,117,128,160,173,209,195,197,171,148,97,84,50,37,15,7,5,1,1,2,0,0,0,0,0,0,0,0,0,0,0,0,0,0,0,0,0,0
0.279005,0,0,0,0,0,0,0,0,0,0,0,0,0,0,0,1,3,7,10,17,33,57,79,94,126,183,205,224,213,195,175,128,112,64,29,18,13,10,2,0,2,0,0,0,0,0,0,0,0,0,0,0,0,0,0,0,0,0,0,0
0.280005,0,0,0,0,0,0,0,0,0,0,0,0,0,0,0,0,3,7,6,19,40,51,69,124,142,173,203,200,198,178,170,121,97,72,52,34,17,12,7,3,1,1,0,0,0,0,0,0,0,0,0,0,0,0,0,0,0,0,0,0
0.281005,0,0,0,0,0,0,0,0,0,0,0,0,0,0,1,0,5,10,24,24,60,53,90,117,140,180,214,194,220,170,145,117,95,65,31,17,14,8,3,0,2,0,1,0,0,0,0,0,0,0,0,0,0,0,0,0,0,0,0,0
0.282005,0,0,0,0,0,0,0,0,0,0,0,0,0,0,0,1,0,6,12,24,47,61,81,104,152,182,219,218,200,200,141,114,79,57,51,34,10,5,2,0,0,0,0,0,0,0,0,0,0,0,0,0,0,0,0,0,0,0,0,0
0.283005,0,0,0,0,0,0,0,0,0,0,0,0,0,1,3,0,2,1,4,9,30,49,84,102,148,178,214,208,202,190,145,132,106,80,47,33,15,9,4,1,3,0,0,0,0,0,0,0,0,0,0,0,0,0,0,0,0,0,0,0
0.284005,0,0,0,0,0,0,0,0,0,0,0,0,0,0,0,1,2,3,6,14,36,83,79,155,177,187,184,192,183,175,152,134,68,62,37,28,20,7,10,3,2,0,0,0,0,0,0,0,0,0,0,0,0,0,0,0,0,0,0,0
0.285005,0,0,0,0,0,0,0,0,0,0,0,0,0,0,0,1,5,6,13,16,38,52,81,113,144,164,210,214,234,197,150,142,78,70,43,16,4,7,2,0,0,0,0,0,0,0,0,0,0,0,0,0,0,0,0,0,0,0,0,0
0.286005,0,0,0,0,0,0,0,0,0,0,0,0,0,0,0,2,1,9,14,20,30,72,92,114,160,177,178,214,202,191,155,107,110,64,41,21,17,5,2,2,0,0,0,0,0,0,0,0,0,0,0,0,0,0,0,0,0,0,0,0
0.287005,0,0,0,0,0,0,0,0,0,0,0,0,0,0,1,6,7,10,19,31,37,58,111,120,157,159,195,203,185,190,146,110,98,51,49,33,13,7,1,1,2,0,0,0,0,0,0,0,0,0,0,0,0,0,0,0,0,0,0,0
0.288005,0,0,0,0,0,0,0,0,0,0,0,0,0,0,0,1,3,4,14,18,36,69,98,96,134,162,192,217,187,185,152,124,95,87,53,29,20,10,5,4,1,2,1,1,0,0,0,0,0,0,0,0,0,0,0,0,0,0,0,0
0.289005,0,0,0,0,0,0,0,0,0,0,0,0,0,0,1,0,3,12,14,39,47,67,100,134,145,182,215,182,177,155,152,111,87,56,44,38,25,10,4,0,0,0,0,0,0,0,0,0,0,0,0,0,0,0,0,0,0,0,0,0
0.290005,0,0,0,0,0,0,0,0,0,0,0,0,0,0,0,0,4,2,11,15,33,51,92,112,158,201,171,225,198,189,171,115,101,53,41,29,17,7,2,1,1,0,0,0,0,0,0,0,0,0,0,0,0,0,0,0,0,0,0,0
0.291005,0,0,0,0,0,0,0,0,0,0,0,0,0,0,0,1,2,10,15,30,45,68,82,120,136,171,182,189,214,168,138,140,89,67,68,30,18,10,3,2,0,2,0,0,0,0,0,0,0,0,0,0,0,0,0,0,0,0,0,0
0.292005,0,0,0,0,0,0,0,0,0,0,0,0,0,0,0,1,2,9,13,34,45,64,112,112,149,180,170,195,200,179,164,129,85,65,50,27,7,5,1,0,2,0,0,0,0,0,0,0,0,0,0,0,0,0,0,0,0,0,0,0
0.293005,0,0,0,0,0,0,0,0,0,0,0,0,0,1,1,2,3,13,11,19,42,55,97,124,156,182,198,222,190,183,148,104,87,60,40,30,18,5,5,2,1,1,0,0,0,0,0,0,0,0,0,0,0,0,0,0,0,0,0,0
0.294005,0,0,0,0,0,0,0,0,0,0,0,0,0,0,2,0,0,1,11,16,29,50,90,125,156,179,187,212,216,196,157,116,93,62,49,25,13,6,5,2,1,1,0,0,0,0,0,0,0,0,0,0,0,0,0,0,0,0,0,0
0.295005,0,0,0,0,0,0,0,0,0,0,0,0,0,0,1,0,0,1,10,19,34,58,98,120,137,167,197,208,198,195,171,123,100,59,40,18,17,14,6,6,1,2,0,0,0,0,0,0,0,0,0,0,0,0,0,0,0,0,0,0
0.296005,0,0,0,0,0,0,0,0,0,0,0,0,0,0,1,2,9,8,15,18,38,74,105,119,156,192,222,198,190,185,154,121,78,52,37,11,9,2,3,1,0,0,0,0,0,0,0,0,0,0,0,0,0,0,0,0,0,0,0,0
0.297005,0,0,0,0,0,0,0,0,0,0,0,0,0,0,0,0,4,10,16,31,53,68,103,134,176,208,212,202,172,162,145,95,74,61,34,23,12,3,1,0,1,0,0,0,0,0,0,0,0,0,0,0,0,0,0,0,0,0,0,0
0.298005,0,0,0,0,0,0,0,0,0,0,0,0,0,1,3,1,0,4,16,22,35,57,84,107,144,168,205,213,209,170,152,129,98,76,42,35,20,3,3,1,1,1,0,0,0,0,0,0,0,0,0,0,0,0,0,0,0,0,0,0
0.299005,0,0,0,0,0,0,0,0,0,0,0,0,0,0,0,2,4,9,11,18,34,69,108,98,175,209,211,217,226,178,122,106,73,47,36,24,9,7,5,2,0,0,0,0,0,0,0,0,0,0,0,0,0,0,0,0,0,0,0,0
0.300005,0,0,0,0,0,0,0,0,0,0,0,0,0,1,0,1,4,9,9,16,38,54,78,114,136,174,236,227,212,169,185,124,82,57,27,28,10,4,4,1,0,0,0,0,0,0,0,0,0,0,0,0,0,0,0,0,0,0,0,0
0.301005,0,0,0,0,0,0,0,0,0,0,0,0,0,0,0,1,1,4,9,19,49,53,82,114,152,191,182,214,229,188,171,117,79,57,41,19,12,9,4,3,0,0,0,0,0,0,0,0,0,0,0,0,0,0,0,0,0,0,0,0
0.302005,0,0,0,0,0,0,0,0,0,0,0,0,0,0,1,2,2,8,7,14,34,69,90,113,149,176,212,215,192,184,160,129,99,57,34,25,17,7,2,1,0,1,0,0,0,0,0,0,0,0,0,0,0,0,0,0,0,0,0,0
0.303005,0,0,0,0,0,0,0,0,0,0,0,0,0,0,1,1,0,15,13,31,36,57,93,106,171,183,210,204,194,197,152,119,64,59,47,27,14,4,1,0,1,0,0,0,0,0,0,0,0,0,0,0,0,0,0,0,0,0,0,0
0.304005,0,0,0,0,0,0,0,0,0,0,0,0,0,0,0,2,3,3,11,21,37,54,77,107,155,181,191,237,190,183,154,117,92,80,35,25,15,16,8,4,1,1,0,0,0,0,0,0,0,0,0,0,0,0,0,0,0,0,0,0
0.305005,0,0,0,0,0,0,0,0,0,0,0,0,0,0,0,0,1,1,7,27,41,59,114,137,146,174,177,203,181,209,140,138,85,71,43,24,10,5,4,2,0,0,1,0,0,0,0,0,0,0,0,0,0,0,0,0,0,0,0,0
0.306005,0,0,0,0,0,0,0,0,0,0,0,0,0,0,0,1,4,8,16,19,40,65,83,136,157,196,213,228,198,156,164,107,95,48,27,21,12,5,1,0,0,0,0,0,0,0,0,0,0,0,0,0,0,0,0,0,0,0,0,0
0.307005,0,0,0,0,0,0,0,0,0,0,0,0,0,0,0,1,3,8,9,21,43,49,83,110,145,174,240,226,187,192,177,115,86,55,42,16,6,4,4,1,0,2,0,1,0,0,0,0,0,0,0,0,0,0,0,0,0,0,0,0
0.308005,0,0,0,0,0,0,0,0,0,0,0,0,0,0,0,0,3,11,20,22,41,66,78,100,137,148,200,229,211,191,170,120,97,63,41,22,13,5,6,4,2,0,0,0,0,0,0,0,0,0,0,0,0,0,0,0,0,0,0,0
0.309005,0,0,0,0,0,0,0,0,0,0,0,0,0,0,0,5,3,2,8,20,31,52,86,87,142,153,191,183,211,211,176,161,90,66,51,40,12,10,6,1,2,0,0,0,0,0,0,0,0,0,0,0,0,0,0,0,0,0,0,0
0.310005,0,0,0,0,0,0,0,0,0,0,0,0,0,1,1,1,3,6,9,17,28,51,66,117,175,184,199,200,217,212,158,134,84,51,39,27,12,5,3,0,0,0,0,0,0,0,0,0,0,0,0,0,0,0,0,0,0,0,0,0
0.311005,0,0,0,0,0,0,0,0,0,0,0,0,0,0,0,3,1,3,26,17,39,66,88,118,163,162,188,211,230,206,139,128,88,58,35,17,7,4,1,0,1,1,0,0,0,0,0,0,0,0,0,0,0,0,0,0,0,0,0,0
0.312005,0,0,0,0,0,0,0,0,0,0,0,0,0,2,1,2,4,6,16,33,43,78,97,117,157,178,207,217,186,177,138,103,69,73,42,27,11,5,8,1,2,0,0,0,0,0,0,0,0,0,0,0,0,0,0,0,0,0,0,0
0.313005,0,0,0,0,0,0,0,0,0,0,0,0,0,0,1,0,1,12,12,41,57,71,111,149,184,195,206,205,204,145,120,96,63,53,35,24,11,4,0,0,0,0,0,0,0,0,0,0,0,0,0,0,0,0,0,0,0,0,0,0
0.314005,0,0,0,0,0,0,0,0,0,0,0,0,0,0,0,0,2,15,8,15,35,63,97,148,192,164,195,200,223,201,128,103,81,60,32,16,9,2,7,4,0,0,0,0,0,0,0,0,0,0,0,0,0,0,0,0,0,0,0,0
0.315005,0,0,0,0,0,0,0,0,0,0,0,0,0,0,0,0,2,7,14,30,45,78,95,129,173,190,204,189,199,158,129,123,93,59,38,25,11,7,2,0,0,0,0,0,0,0,0,0,0,0,0,0,0,0,0,0,0,0,0,0
0.316005,0,0,0,0,0,0,0,0,0,0,0,0,0,0,0,4,0,10,17,20,63,56,105,137,167,204,184,224,195,164,138,92,89,56,44,14,7,8,2,0,0,0,0,0,0,0,0,0,0,0,0,0,0,0,0,0,0,0,0,0
0.317005,0,0,0,0,0,0,0,0,0,0,0,0,0,0,1,2,4,7,9,24,29,80,126,156,174,192,212,214,203,155,126,97,66,41,41,21,9,5,4,2,0,0,0,0,0,0,0,0,0,0,0,0,0,0,0,0,0,0,0,0
0.318005,0,0,0,0,0,0,0,0,0,0,0,0,0,0,1,2,4,11,19,26,43,63,106,128,158,156,220,205,223,174,154,110,65,52,31,29,11,5,3,1,0,0,0,0,0,0,0,0,0,0,0,0,0,0,0,0,0,0,0,0
0.319005,0,0,0,0,0,0,0,0,0,0,0,0,0,0,0,3,6,8,12,23,47,59,112,136,192,197,215,189,169,154,152,102,84,73,26,19,9,5,8,0,0,0,0,0,0,0,0,0,0,0,0,0,0,0,0,0,0,0,0,0
0.320005,0,0,0,0,0,0,0,0,0,0,0,0,0,0,0,0,2,10,15,32,48,64,87,142,144,184,205,206,237,182,160,88,78,50,28,18,8,6,3,2,0,1,0,0,0,0,0,0,0,0,0,0,0,0,0,0,0,0,0,0
0.321005,0,0,0,0,0,0,0,0,0,0,0,0,0,1,1,0,6,6,16,38,47,66,83,133,148,178,204,168,213,170,145,115,80,67,64,23,12,10,2,2,1,0,0,0,1,0,0,0,0,0,0,0,0,0,0,0,0,0,0,0
0.322005,0,0,0,0,0,0,0,0,0,0,0,0,0,0,0,0,6,11,19,36,60,63,92,131,171,165,188,220,196,180,163,97,80,50,28,24,10,5,4,0,1,0,0,0,0,0,0,0,0,0,0,0,0,0,0,0,0,0,0,0
0.323005,0,0,0,0,0,0,0,0,0,0,0,0,0,0,0,1,1,5,12,29,43,79,104,132,180,169,187,201,177,167,135,110,107,65,49,22,8,8,6,2,1,0,0,0,0,0,0,0,0,0,0,0,0,0,0,0,0,0,0,0
0.324005,0,0,0,0,0,0,0,0,0,0,0,0,0,0,0,2,4,7,11,19,36,76,99,139,144,204,205,202,191,187,158,112,79,44,37,19,16,6,2,0,1,0,0,0,0,0,0,0,0,0,0,0,0,0,0,0,0,0,0,0
0.325005,0,0,0,0,0,0,0,0,0,0,0,0,0,1,0,0,1,6,12,26,53,82,100,139,131,176,209,220,192,172,149,106,92,70,28,15,9,9,2,0,0,0,0,0,0,0,0,0,0,0,0,0,0,0,0,0,0,0,0,0
0.326005,0,0,0,0,0,0,0,0,0,0,0,0,0,0,0,0,1,2,10,21,35,90,104,122,173,180,204,208,208,200,135,100,99,50,29,13,9,3,1,0,2,0,1,0,0,0,0,0,0,0,0,0,0,0,0,0,0,0,0,0
0.327005,0,0,0,0,0,0,0,0,0,0,0,0,2,3,2,3,4,8,18,33,55,69,104,124,146,171,224,247,176,164,138,100,71,50,40,24,15,6,2,0,1,0,0,0,0,0,0,0,0,0,0,0,0,0,0,0,0,0,0,0
0.328005,0,0,0,0,0,0,0,0,0,0,0,0,0,1,0,4,3,6,14,28,61,66,89,131,141,211,212,221,199,166,150,93,97,45,31,15,11,4,1,0,0,0,0,0,0,0,0,0,0,0,0,0,0,0,0,0,0,0,0,0
0.329005,0,0,0,0,0,0,0,0,0,0,0,0,0,0,1,2,2,6,16,21,41,67,98,139,167,191,219,181,203,169,159,112,90,57,17,21,13,6,2,0,0,0,0,0,0,0,0,0,0,0,0,0,0,0,0,0,0,0,0,0
0.330005,0,0,0,0,0,0,0,0,0,0,0,0,0,0,0,0,6,7,11,28,49,64,107,139,166,177,206,184,203,187,166,103,64,66,41,13,5,4,3,0,0,1,0,0,0,0,0,0,0,0,0,0,0,0,0,0,0,0,0,0
0.331005,0,0,0,0,0,0,0,0,0,0,0,0,0,2,2,5,4,13,24,40,69,68,123,139,153,196,182,205,173,141,133,109,85,50,35,25,14,6,3,1,0,0,0,0,0,0,0,0,0,0,0,0,0,0,0,0,0,0,0,0
0.332005,0,0,0,0,0,0,0,0,0,0,0,0,0,0,0,2,5,8,24,24,60,92,131,140,184,185,210,200,196,154,115,95,74,46,23,9,13,5,3,1,1,0,0,0,0,0,0,0,0,0,0,0,0,0,0,0,0,0,0,0
0.333005,0,0,0,0,0,0,0,0,0,0,0,0,0,0,1,5,6,8,14,16,39,76,110,147,183,197,195,205,173,184,130,108,73,48,32,13,14,8,7,1,4,0,2,1,0,0,0,0,0,0,0,0,0,0,0,0,0,0,0,0
0.334005,0,0,0,0,0,0,0,0,0,0,0,0,0,0,0,2,6,7,13,31,56,72,110,153,186,167,163,187,158,150,167,117,86,64,48,25,13,10,7,1,1,0,0,0,0,0,0,0,0,0,0,0,0,0,0,0,0,0,0,0
0.335005,0,0,0,0,0,0,0,0,0,0,0,0,0,0,0,5,3,9,21,32,46,68,129,175,193,189,216,217,159,145,117,85,76,48,35,14,4,6,5,1,1,1,0,0,0,0,0,0,0,0,0,0,0,0,0,0,0,0,0,0
0.336005,0,0,0,0,0,0,0,0,0,0,0,0,0,1,1,1,6,1,12,20,40,63,74,139,159,172,205,205,221,176,139,103,103,58,37,37,12,10,5,0,0,0,0,0,0,0,0,0,0,0,0,0,0,0,0,0,0,0,0,0
0.337005,0,0,0,0,0,0,0,0,0,0,0,0,0,0,1,0,7,24,14,34,49,87,114,144,181,204,209,212,152,160,111,103,76,54,28,21,4,9,0,0,0,2,0,0,0,0,0,0,0,0,0,0,0,0,0,0,0,0,0,0
0.338005,0,0,0,0,0,0,0,0,0,0,0,0,0,0,0,1,0,8,16,28,58,75,132,149,169,188,201,227,184,164,129,113,66,43,33,7,3,4,1,1,0,0,0,0,0,0,0,0,0,0,0,0,0,0,0,0,0,0,0,0
0.339005,0,0,0,0,0,0,0,0,0,0,0,0,0,0,1,1,4,7,15,37,52,74,105,139,150,179,198,205,183,151,149,102,78,51,51,38,16,9,2,3,0,0,0,0,0,0,0,0,0,0,0,0,0,0,0,0,0,0,0,0
0.340005,0,0,0,0,0,0,0,0,0,0,0,0,1,1,0,5,7,11,16,23,52,63,110,137,190,199,196,212,176,158,146,94,79,48,26,18,15,13,3,1,0,0,0,0,0,0,0,0,0,0,0,0,0,0,0,0,0,0,0,0
0.341005,0,0,0,0,0,0,0,0,0,0,0,0,0,0,1,2,5,8,17,34,63,87,109,154,187,163,214,214,164,162,120,98,73,51,29,21,10,8,0,4,2,0,0,0,0,0,0,0,0,0,0,0,0,0,0,0,0,0,0,0
0.342005,0,0,0,0,0,0,0,0,0,0,0,0,0,0,1,3,5,19,24,30,61,71,138,159,159,203,209,180,167,153,127,117,65,45,25,20,13,5,1,0,0,0,0,0,0,0,0,0,0,0,0,0,0,0,0,0,0,0,0,0
0.343005,0,0,0,0,0,0,0,0,0,0,0,0,0,0,1,5,8,7,27,44,64,73,113,121,166,193,202,201,188,161,129,99,75,50,35,20,10,5,2,0,0,1,0,0,0,0,0,0,0,0,0,0,0,0,0,0,0,0,0,0
0.344005,0,0,0,0,0,0,0,0,0,0,0,0,0,0,1,0,3,5,21,26,46,59,114,147,149,179,206,207,189,220,148,92,66,52,30,20,15,3,2,0,0,0,0,0,0,0,0,0,0,0,0,0,0,0,0,0,0,0,0,0
0.345005,0,0,0,0,0,0,0,0,0,0,0,0,2,2,1,7,10,15,19,47,73,79,113,134,203,195,200,214,203,156,110,75,61,41,19,11,4,4,1,1,0,0,0,0,0,0,0,0,0,0,0,0,0,0,0,0,0,0,0,0
0.346005,0,0,0,0,0,0,0,0,0,0,0,0,0,0,2,3,8,9,34,39,52,76,100,125,171,170,220,186,180,177,145,104,79,55,35,21,5,3,1,0,0,0,0,0,0,0,0,0,0,0,0,0,0,0,0,0,0,0,0,0
0.347005,0,0,0,0,0,0,0,0,0,0,0,0,0,0,0,3,2,22,16,40,41,75,110,124,173,197,191,183,199,178,156,110,75,54,19,13,7,9,1,1,1,0,0,0,0,0,0,0,0,0,0,0,0,0,0,0,0,0,0,0
0.348005,0,0,0,0,0,0,0,0,0,0,0,0,0,1,1,2,1,4,14,39,41,82,110,171,147,141,223,203,218,180,125,114,72,40,25,18,16,6,3,3,0,0,0,0,0,0,0,0,0,0,0,0,0,0,0,0,0,0,0,0
0.349005,0,0,0,0,0,0,0,0,0,0,0,0,0,0,1,1,3,6,11,23,42,45,94,140,163,185,226,249,179,169,139,118,74,56,25,23,13,7,3,4,1,0,0,0,0,0,0,0,0,0,0,0,0,0,0,0,0,0,0,0
0.350005,0,0,0,0,0,0,0,0,0,0,0,0,0,0,0,0,1,5,9,26,34,72,100,136,136,194,237,228,213,163,144,110,69,71,29,12,9,1,1,0,0,0,0,0,0,0,0,0,0,0,0,0,0,0,0,0,0,0,0,0
0.351005,0,0,0,0,0,0,0,0,0,0,0,0,0,0,0,0,2,15,11,25,44,86,130,151,181,205,198,202,208,138,133,82,77,52,34,15,8,1,2,0,0,0,0,0,0,0,0,0,0,0,0,0,0,0,0,0,0,0,0,0
0.352005,0,0,0,0,0,0,0,0,0,0,0,0,0,0,0,4,10,11,25,33,59,90,92,147,178,195,236,197,197,133,129,91,64,37,32,19,14,4,2,1,0,0,0,0,0,0,0,0,0,0,0,0,0,0,0,0,0,0,0,0
0.353005,0,0,0,0,0,0,0,0,0,0,0,0,0,0,0,4,2,7,18,37,73,94,117,141,177,179,216,198,170,140,142,103,59,47,33,23,13,6,1,0,0,0,0,0,0,0,0,0,0,0,0,0,0,0,0,0,0,0,0,0
0.354005,0,0,0,0,0,0,0,0,0,0,0,0,0,0,0,4,7,14,14,42,50,119,143,176,182,201,219,200,198,134,96,70,49,31,27,14,6,1,3,0,0,0,0,0,0,0,0,0,0,0,0,0,0,0,0,0,0,0,0,0
0.355005,0,0,0,0,0,0,0,0,0,0,0,0,0,0,1,3,2,20,27,35,69,65,92,164,172,202,204,194,163,151,144,88,70,51,34,31,10,4,4,0,0,0,0,0,0,0,0,0,0,0,0,0,0,0,0,0,0,0,0,0
0.356005,0,0,0,0,0,0,0,0,0,0,0,0,0,0,0,1,2,8,30,44,59,77,107,159,197,170,202,204,178,156,124,89,62,47,32,31,12,5,3,1,0,0,0,0,0,0,0,0,0,0,0,0,0,0,0,0,0,0,0,0
0.357005,0,0,0,0,0,0,0,0,0,0,0,0,1,1,0,2,4,6,10,37,48,78,98,154,188,198,211,219,189,166,121,110,70,35,25,14,10,3,0,0,2,0,0,0,0,0,0,0,0,0,0,0,0,0,0,0,0,0,0,0
0.358005,0,0,0,0,0,0,0,0,0,0,0,0,0,0,0,0,2,11,12,40,55,77,105,141,176,176,211,206,192,164,134,93,70,43,37,31,15,6,2,1,0,0,0,0,0,0,0,0,0,0,0,0,0,0,0,0,0,0,0,0
0.359005,0,0,0,0,0,0,0,0,0,0,0,0,0,0,0,2,12,20,26,43,63,99,106,160,163,206,199,205,189,132,124,94,71,33,16,15,13,7,2,0,0,0,0,0,0,0,0,0,0,0,0,0,0,0,0,0,0,0,0,0
0.360005,0,0,0,0,0,0,0,0,0,0,0,0,0,0,1,2,4,10,18,45,48,89,131,129,186,182,210,201,202,158,149,92,72,37,20,7,5,2,0,0,0,0,0,0,0,0,0,0,0,0,0,0,0,0,0,0,0,0,0,0
0.361005,0,0,0,0,0,0,0,0,0,0,0,0,0,1,1,5,6,10,26,36,48,102,128,153,185,221,188,227,194,138,108,85,56,34,25,11,6,4,2,0,0,0,0,0,0,0,0,0,0,0,0,0,0,0,0,0,0,0,0,0
0.362005,0,0,0,0,0,0,0,0,0,0,0,0,0,0,1,1,12,7,27,42,63,93,113,121,216,217,249,205,157,156,102,86,40,45,21,18,7,1,0,0,0,0,0,0,0,0,0,0,0,0,0,0,0,0,0,0,0,0,0,0
0.363005,0,0,0,0,0,0,0,0,0,0,0,0,0,0,1,3,9,13,31,49,72,94,137,177,192,179,198,216,177,138,119,60,53,41,22,6,8,3,0,2,0,0,0,0,0,0,0,0,0,0,0,0,0,0,0,0,0,0,0,0
0.364005,0,0,0,0,0,0,0,0,0,0,0,0,0,0,1,6,7,9,23,38,81,91,117,195,199,226,211,167,153,156,99,90,47,35,21,9,4,9,4,1,1,0,0,0,0,0,0,0,0,0,0,0,0,0,0,0,0,0,0,0
0.365005,0,0,0,0,0,0,0,0,0,0,0,1,1,1,2,7,7,18,20,46,46,95,141,156,175,229,219,157,183,153,111,80,63,38,22,10,10,5,2,2,0,0,0,0,0,0,0,0,0,0,0,0,0,0,0,0,0,0,0,0
0.366005,0,0,0,0,0,0,0,0,0,0,0,0,0,0,0,2,9,12,36,36,55,78,99,154,206,226,189,193,163,158,118,104,70,45,16,10,12,6,2,0,1,0,0,0,0,0,0,0,0,0,0,0,0,0,0,0,0,0,0,0
0.367005,0,0,0,0,0,0,0,0,0,0,0,0,0,0,0,0,6,11,9,21,53,86,122,145,179,224,217,193,182,158,135,93,63,47,22,17,8,5,0,2,1,1,0,0,0,0,0,0,0,0,0,0,0,0,0,0,0,0,0,0
0.368005,0,0,0,0,0,0,0,0,0,0,0,0,1,0,0,0,2,14,32,39,72,83,127,150,216,227,180,195,163,152,132,79,52,38,15,18,5,5,1,1,1,0,0,0,0,0,0,0,0,0,0,0,0,0,0,0,0,0,0,0
0.369005,0,0,0,0,0,0,0,0,0,0,0,0,0,0,3,4,6,11,16,30,56,89,118,168,177,202,204,212,198,163,108,81,61,29,28,17,8,7,3,0,1,0,0,0,0,0,0,0,0,0,0,0,0,0,0,0,0,0,0,0
0.370005,0,0,0,0,0,0,0,0,0,0,0,0,0,0,0,5,9,7,18,36,57,70,89,138,143,182,187,219,190,195,151,125,80,47,29,12,5,4,1,1,0,0,0,0,0,0,0,0,0,0,0,0,0,0,0,0,0,0,0,0
0.371005,0,0,0,0,0,0,0,0,0,0,0,0,0,0,0,5,7,13,26,51,59,78,128,159,173,202,200,222,172,148,109,84,53,35,35,22,10,6,2,1,0,0,0,0,0,0,0,0,0,0,0,0,0,0,0,0,0,0,0,0
0.372005,0,0,0,0,0,0,0,0,0,0,0,0,0,0,1,1,7,8,27,38,46,103,115,153,181,209,194,195,210,153,130,80,58,32,30,14,8,3,2,2,0,0,0,0,0,0,0,0,0,0,0,0,0,0,0,0,0,0,0,0
0.373005,0,0,0,0,0,0,0,0,0,0,0,0,0,0,1,8,9,11,22,37,71,99,104,133,172,181,225,214,170,144,149,100,58,44,22,14,4,6,2,0,0,0,0,0,0,0,0,0,0,0,0,0,0,0,0,0,0,0,0,0
0.374005,0,0,0,0,0,0,0,0,0,0,0,1,2,0,1,3,8,13,25,45,66,82,138,142,183,207,209,213,179,132,106,77,78,34,17,24,6,5,3,1,0,0,0,0,0,0,0,0,0,0,0,0,0,0,0,0,0,0,0,0
0.375005,0,0,0,0,0,0,0,0,0,0,0,0,0,0,0,5,8,24,29,50,73,99,133,164,174,200,203,205,146,144,103,71,66,39,27,16,13,5,3,0,0,0,0,0,0,0,0,0,0,0,0,0,0,0,0,0,0,0,0,0
0.376005,0,0,0,0,0,0,0,0,0,0,0,0,0,0,3,5,8,18,24,31,56,90,116,149,203,200,186,184,201,180,117,84,62,38,19,12,8,3,3,0,0,0,0,0,0,0,0,0,0,0,0,0,0,0,0,0,0,0,0,0
0.377005,0,0,0,0,0,0,0,0,0,0,0,0,0,0,0,4,8,17,31,46,78,99,123,170,188,207,230,180,187,142,105,70,47,28,16,10,8,3,1,0,1,1,0,0,0,0,0,0,0,0,0,0,0,0,0,0,0,0,0,0
0.378005,0,0,0,0,0,0,0,0,0,0,0,0,1,3,2,6,12,21,28,51,66,104,126,150,172,185,195,182,162,148,118,110,73,34,26,13,7,2,3,0,0,0,0,0,0,0,0,0,0,0,0,0,0,0,0,0,0,0,0,0
0.379005,0,0,0,0,0,0,0,0,0,0,0,0,0,0,1,2,4,10,29,37,62,105,128,161,201,202,240,202,182,136,88,95,49,35,15,12,0,2,1,0,0,1,0,0,0,0,0,0,0,0,0,0,0,0,0,0,0,0,0,0
0.380005,0,0,0,0,0,0,0,0,0,0,0,0,0,0,0,3,10,18,32,52,100,130,143,179,187,213,196,196,154,117,93,56,52,29,19,18,0,2,1,0,0,0,0,0,0,0,0,0,0,0,0,0,0,0,0,0,0,0,0,0
0.381005,0,0,0,0,0,0,0,0,0,0,0,0,0,0,0,3,3,12,12,45,44,80,98,138,187,191,220,228,215,154,109,92,68,35,42,14,5,0,1,1,1,2,0,0,0,0,0,0,0,0,0,0,0,0,0,0,0,0,0,0
0.382005,0,0,0,0,0,0,0,0,0,0,0,0,1,1,2,3,11,30,38,54,74,117,118,149,209,205,206,193,144,137,116,75,53,28,14,17,2,1,2,0,0,0,0,0,0,0,0,0,0,0,0,0,0,0,0,0,0,0,0,0
0.383005,0,0,0,0,0,0,0,0,0,0,0,0,0,0,1,6,3,10,15,33,58,76,124,145,203,210,206,177,201,157,107,83,73,50,27,23,5,2,3,2,0,0,0,0,0,0,0,0,0,0,0,0,0,0,0,0,0,0,0,0
0.384005,0,0,0,0,0,0,0,0,0,0,0,0,0,1,1,1,6,12,20,44,82,127,137,161,215,184,195,182,164,137,105,74,71,34,24,9,7,3,2,2,0,0,0,0,0,0,0,0,0,0,0,0,0,0,0,0,0,0,0,0
0.385005,0,0,0,0,0,0,0,0,0,0,0,0,0,0,4,6,8,20,27,56,63,98,144,153,185,233,191,169,193,147,98,69,51,34,27,13,4,5,2,0,0,0,0,0,0,0,0,0,0,0,0,0,0,0,0,0,0,0,0,0
0.386005,0,0,0,0,0,0,0,0,0,0,0,0,1,0,3,3,3,8,23,24,36,78,107,134,181,227,239,241,196,169,124,85,56,32,12,8,8,0,0,0,2,0,0,0,0,0,0,0,0,0,0,0,0,0,0,0,0,0,0,0
0.387005,0,0,0,0,0,0,0,0,0,0,0,0,2,0,0,6,14,23,35,44,75,96,125,170,196,211,190,205,150,143,95,92,44,43,19,10,4,8,0,0,0,0,0,0,0,0,0,0,0,0,0,0,0,0,0,0,0,0,0,0
0.388005,0,0,0,0,0,0,0,0,0,0,0,0,0,0,0,3,6,9,21,41,81,101,130,181,206,187,222,191,168,158,108,81,42,22,22,9,5,1,4,1,0,0,0,0,0,0,0,0,0,0,0,0,0,0,0,0,0,0,0,0
0.389005,0,0,0,0,0,0,0,0,0,0,0,0,0,0,0,2,2,8,17,35,81,103,129,172,214,220,201,194,192,127,106,70,57,27,20,8,6,6,1,0,1,1,0,0,0,0,0,0,0,0,0,0,0,0,0,0,0,0,0,0
0.390005,0,0,0,0,0,0,0,0,0,0,0,0,0,0,1,0,13,9,36,54,91,90,137,163,175,200,198,182,171,170,105,83,39,39,21,11,10,2,0,0,0,0,0,0,0,0,0,0,0,0,0,0,0,0,0,0,0,0,0,0
0.391005,0,0,0,0,0,0,0,0,0,0,0,0,0,0,0,0,3,9,11,41,51,83,139,161,173,182,220,219,161,166,109,108,62,53,25,11,8,3,1,0,1,0,0,0,0,0,0,0,0,0,0,0,0,0,0,0,0,0,0,0
0.392005,0,0,0,0,0,0,0,0,0,0,0,0,2,1,1,3,2,19,33,45,67,101,128,166,200,209,195,211,182,134,100,80,46,31,19,9,7,4,3,1,1,0,0,0,0,0,0,0,0,0,0,0,0,0,0,0,0,0,0,0
0.393005,0,0,0,0,0,0,0,0,0,0,0,0,0,1,4,9,13,13,23,42,61,98,138,168,166,200,198,203,179,163,106,89,53,43,13,9,7,0,0,0,1,0,0,0,0,0,0,0,0,0,0,0,0,0,0,0,0,0,0,0
0.394005,0,0,0,0,0,0,0,0,0,0,0,0,0,0,2,6,9,16,27,43,60,103,161,179,193,203,201,204,170,118,105,77,46,35,29,6,3,0,2,1,0,1,0,0,0,0,0,0,0,0,0,0,0,0,0,0,0,0,0,0
0.395005,0,0,0,0,0,0,0,0,0,0,0,0,0,2,3,5,9,20,34,69,93,122,123,167,183,196,203,180,157,147,115,75,51,25,11,7,1,0,2,0,0,0,0,0,0,0,0,0,0,0,0,0,0,0,0,0,0,0,0,0
0.396005,0,0,0,0,0,0,0,0,0,0,0,0,0,0,0,3,10,11,38,47,65,100,151,170,196,198,221,175,172,112,118,70,49,42,24,8,12,4,4,0,0,0,0,0,0,0,0,0,0,0,0,0,0,0,0,0,0,0,0,0
0.397005,0,0,0,0,0,0,0,0,0,0,0,0,0,0,2,3,15,29,37,71,104,127,167,200,202,207,217,164,115,120,92,49,31,24,14,4,2,2,1,1,0,0,0,0,0,0,0,0,0,0,0,0,0,0,0,0,0,0,0,0
0.398005,0,0,0,0,0,0,0,0,0,0,0,0,0,0,0,5,8,15,20,49,69,102,120,119,172,186,213,195,187,167,112,99,67,43,27,8,9,5,2,1,0,0,0,0,0,0,0,0,0,0,0,0,0,0,0,0,0,0,0,0
0.399005,0,0,0,0,0,0,0,0,0,0,0,0,0,0,1,4,9,9,28,63,90,107,151,168,176,186,194,189,177,152,110,71,52,31,16,10,3,2,1,0,0,0,0,0,0,0,0,0,0,0,0,0,0,0,0,0,0,0,0,0
0.400005,0,0,0,0,0,0,0,0,0,0,0,0,0,0,0,1,16,15,27,45,62,115,131,174,186,200,225,180,189,140,103,78,48,26,18,12,6,3,0,0,0,0,0,0,0,0,0,0,0,0,0,0,0,0,0,0,0,0,0,0
0.401005,0,0,0,0,0,0,0,0,0,0,0,0,0,0,1,2,9,15,37,61,83,141,171,209,181,175,164,191,184,107,97,55,47,36,19,8,6,1,0,0,0,0,0,0,0,0,0,0,0,0,0,0,0,0,0,0,0,0,0,0
0.402005,0,0,0,0,0,0,0,0,0,0,0,0,0,0,2,6,7,22,33,65,74,113,152,171,187,209,192,163,161,145,124,63,43,36,14,6,9,3,0,0,0,0,0,0,0,0,0,0,0,0,0,0,0,0,0,0,0,0,0,0
0.403005,0,0,0,0,0,0,0,0,0,0,0,0,0,0,1,4,19,27,36,48,81,120,148,149,161,213,186,179,152,126,132,73,71,26,18,14,11,4,1,0,0,0,0,0,0,0,0,0,0,0,0,0,0,0,0,0,0,0,0,0
