0.00101,0.014,0.04,0.128,0.228,0.202,0.212,0.144,0.032
0.00201,0.006,0.034,0.142,0.21,0.248,0.242,0.092,0.026
0.00301,0.004,0.044,0.108,0.208,0.256,0.236,0.114,0.03
0.00401,0.004,0.034,0.11,0.226,0.23,0.258,0.118,0.02
0.00501,0.006,0.034,0.096,0.23,0.262,0.22,0.11,0.042
0.00601,0.006,0.036,0.082,0.214,0.298,0.208,0.122,0.034
0.00701,0.008,0.034,0.134,0.228,0.27,0.186,0.106,0.034
0.00801,0.006,0.02,0.11,0.216,0.324,0.188,0.092,0.044
0.00901,0.004,0.042,0.1,0.206,0.272,0.236,0.096,0.044
0.01001,0.004,0.046,0.088,0.224,0.284,0.204,0.112,0.038
0.01101,0.0,0.028,0.12,0.208,0.294,0.208,0.104,0.038
0.01201,0.006,0.044,0.102,0.228,0.29,0.196,0.102,0.032
0.01301,0.004,0.022,0.122,0.22,0.258,0.208,0.122,0.044
0.01401,0.002,0.034,0.106,0.218,0.266,0.248,0.094,0.032
0.01501,0.006,0.036,0.122,0.22,0.242,0.216,0.112,0.046
0.01601,0.002,0.036,0.122,0.208,0.264,0.224,0.114,0.03
0.01701,0.004,0.022,0.106,0.22,0.26,0.228,0.126,0.034
0.01801,0.004,0.046,0.116,0.198,0.272,0.214,0.118,0.032
0.01901,0.006,0.026,0.108,0.208,0.264,0.232,0.118,0.038
0.02001,0.002,0.022,0.132,0.23,0.276,0.204,0.104,0.03
0.02101,0.002,0.024,0.114,0.234,0.268,0.208,0.118,0.032
0.02201,0.002,0.026,0.12,0.24,0.262,0.186,0.138,0.026
0.02301,0.004,0.024,0.114,0.218,0.254,0.238,0.128,0.02
0.02401,0.0,0.044,0.102,0.2,0.272,0.236,0.104,0.042
0.02501,0.004,0.048,0.094,0.214,0.26,0.228,0.118,0.034
0.02601,0.0,0.038,0.11,0.226,0.234,0.248,0.126,0.018
0.02701,0.004,0.04,0.124,0.23,0.258,0.196,0.114,0.034
0.02801,0.002,0.022,0.122,0.206,0.276,0.236,0.112,0.024
0.02901,0.006,0.032,0.1,0.218,0.274,0.224,0.106,0.04
0.03001,0.008,0.034,0.122,0.216,0.298,0.188,0.1,0.034
0.03101,0.006,0.032,0.106,0.218,0.26,0.232,0.114,0.032
0.03201,0.0,0.038,0.09,0.218,0.254,0.238,0.112,0.05
0.03301,0.002,0.038,0.092,0.192,0.264,0.232,0.14,0.04
0.03401,0.008,0.042,0.134,0.202,0.242,0.222,0.114,0.036
0.03501,0.006,0.036,0.102,0.25,0.27,0.2,0.112,0.024
0.03601,0.002,0.042,0.108,0.2,0.26,0.238,0.11,0.04
0.03701,0.002,0.016,0.138,0.224,0.26,0.208,0.098,0.054
0.03801,0.008,0.028,0.128,0.228,0.266,0.194,0.114,0.034
0.03901,0.002,0.05,0.096,0.212,0.286,0.232,0.092,0.03
0.04001,0.004,0.032,0.118,0.232,0.268,0.216,0.098,0.032
0.04101,0.004,0.028,0.088,0.246,0.282,0.198,0.126,0.028
0.04201,0.008,0.04,0.106,0.21,0.268,0.208,0.122,0.038
0.04301,0.004,0.032,0.114,0.208,0.296,0.214,0.098,0.034
0.04401,0.002,0.022,0.11,0.216,0.234,0.24,0.116,0.06
0.04501,0.004,0.034,0.098,0.216,0.28,0.218,0.116,0.034
0.04601,0.002,0.026,0.098,0.214,0.282,0.238,0.104,0.036
0.04701,0.004,0.052,0.124,0.234,0.248,0.216,0.104,0.018
0.04801,0.004,0.032,0.126,0.208,0.252,0.242,0.106,0.03
0.04901,0.008,0.04,0.14,0.184,0.278,0.192,0.118,0.04
0.05001,0.006,0.036,0.078,0.212,0.276,0.24,0.116,0.036
0.05101,0.004,0.032,0.102,0.236,0.26,0.21,0.124,0.032
0.05201,0.002,0.042,0.128,0.224,0.244,0.246,0.092,0.022
0.05301,0.002,0.026,0.116,0.22,0.284,0.23,0.09,0.032
0.05401,0.006,0.022,0.096,0.246,0.3,0.206,0.08,0.044
0.05501,0.002,0.032,0.094,0.19,0.298,0.216,0.136,0.032
0.05601,0.01,0.028,0.102,0.232,0.266,0.224,0.11,0.028
0.05701,0.002,0.022,0.138,0.196,0.278,0.206,0.11,0.048
0.05801,0.002,0.026,0.118,0.264,0.258,0.226,0.074,0.032
0.05901,0.004,0.032,0.08,0.242,0.258,0.262,0.088,0.034
0.06001,0.006,0.028,0.114,0.198,0.266,0.25,0.112,0.026
0.06101,0.004,0.028,0.126,0.21,0.258,0.236,0.106,0.032
0.06201,0.004,0.032,0.116,0.234,0.242,0.232,0.102,0.038
0.06301,0.002,0.026,0.1,0.236,0.264,0.232,0.116,0.024
0.06401,0.002,0.03,0.12,0.226,0.278,0.184,0.126,0.034
0.06501,0.006,0.03,0.116,0.226,0.32,0.196,0.072,0.034
0.06601,0.006,0.032,0.092,0.214,0.274,0.242,0.112,0.028
0.06701,0.006,0.032,0.096,0.224,0.306,0.206,0.094,0.036
0.06801,0.002,0.03,0.09,0.208,0.286,0.22,0.114,0.05
0.06901,0.004,0.038,0.108,0.234,0.262,0.232,0.1,0.022
0.07001,0.004,0.05,0.116,0.206,0.278,0.198,0.1,0.048
0.07101,0.0,0.042,0.112,0.234,0.24,0.234,0.104,0.034
0.07201,0.0,0.028,0.12,0.248,0.29,0.208,0.08,0.026
0.07301,0.006,0.028,0.11,0.212,0.292,0.212,0.098,0.042
0.07401,0.0,0.048,0.108,0.216,0.28,0.206,0.12,0.022
0.07501,0.002,0.028,0.102,0.262,0.276,0.198,0.1,0.032
0.07601,0.002,0.042,0.112,0.224,0.252,0.198,0.122,0.048
0.07701,0.006,0.014,0.09,0.224,0.278,0.242,0.116,0.03
0.07801,0.0,0.016,0.096,0.254,0.28,0.22,0.11,0.024
0.07901,0.0,0.028,0.106,0.232,0.238,0.246,0.124,0.026
0.08001,0.004,0.054,0.09,0.218,0.308,0.216,0.08,0.03
0.08101,0.006,0.024,0.09,0.23,0.26,0.266,0.092,0.032
0.08201,0.0,0.034,0.104,0.224,0.306,0.204,0.094,0.034
0.08301,0.0,0.034,0.118,0.26,0.254,0.186,0.102,0.046
0.08401,0.004,0.028,0.12,0.234,0.272,0.222,0.096,0.024
0.08501,0.0,0.026,0.116,0.206,0.302,0.204,0.116,0.03
0.08601,0.008,0.03,0.1,0.238,0.262,0.258,0.086,0.018
0.08701,0.006,0.044,0.088,0.214,0.308,0.198,0.106,0.036
0.08801,0.004,0.042,0.128,0.188,0.242,0.246,0.128,0.022
0.08901,0.0,0.028,0.1,0.268,0.252,0.21,0.098,0.044
0.09001,0.002,0.044,0.092,0.214,0.298,0.208,0.1,0.042
0.09101,0.004,0.024,0.104,0.228,0.308,0.198,0.096,0.038
0.09201,0.004,0.03,0.106,0.244,0.264,0.194,0.116,0.042
0.09301,0.002,0.046,0.114,0.204,0.304,0.216,0.088,0.026
0.09401,0.006,0.044,0.102,0.226,0.248,0.238,0.11,0.026
0.09501,0.006,0.036,0.106,0.222,0.282,0.22,0.096,0.032
0.09601,0.006,0.034,0.108,0.25,0.252,0.206,0.122,0.022
0.09701,0.008,0.028,0.122,0.276,0.252,0.186,0.094,0.034
0.09801,0.004,0.03,0.096,0.232,0.264,0.25,0.102,0.022
0.09901,0.0,0.054,0.132,0.21,0.274,0.2,0.096,0.034
0.10001,0.006,0.038,0.112,0.172,0.294,0.232,0.1,0.046
0.10101,0.004,0.046,0.13,0.196,0.27,0.222,0.116,0.016
0.10201,0.0,0.05,0.114,0.238,0.252,0.22,0.106,0.02
0.10301,0.0,0.022,0.106,0.23,0.284,0.216,0.106,0.036
0.10401,0.002,0.028,0.094,0.238,0.292,0.202,0.106,0.038
0.10501,0.0,0.036,0.096,0.204,0.298,0.23,0.11,0.026
0.10601,0.008,0.052,0.11,0.216,0.286,0.216,0.076,0.036
0.10701,0.0,0.032,0.094,0.21,0.286,0.222,0.116,0.04
0.10801,0.0,0.032,0.134,0.212,0.3,0.214,0.092,0.016
0.10901,0.004,0.02,0.118,0.218,0.278,0.222,0.1,0.04
0.11001,0.006,0.034,0.1,0.266,0.26,0.182,0.112,0.04
0.11101,0.002,0.036,0.092,0.256,0.256,0.214,0.1,0.044
0.11201,0.004,0.04,0.104,0.218,0.266,0.234,0.106,0.028
0.11301,0.008,0.04,0.078,0.218,0.32,0.198,0.11,0.028
0.11401,0.002,0.026,0.09,0.212,0.284,0.23,0.12,0.036
0.11501,0.0,0.046,0.09,0.228,0.294,0.202,0.114,0.026
0.11601,0.004,0.038,0.094,0.244,0.268,0.224,0.1,0.028
0.11701,0.0,0.038,0.09,0.234,0.306,0.174,0.13,0.028
0.11801,0.002,0.028,0.106,0.224,0.274,0.218,0.106,0.042
0.11901,0.01,0.028,0.096,0.204,0.27,0.238,0.12,0.034
0.12001,0.002,0.028,0.086,0.266,0.262,0.234,0.09,0.032
0.12101,0.006,0.034,0.094,0.206,0.268,0.248,0.116,0.028
0.12201,0.004,0.036,0.134,0.25,0.248,0.192,0.1,0.036
0.12301,0.002,0.032,0.102,0.248,0.254,0.21,0.116,0.036
0.12401,0.006,0.022,0.104,0.192,0.26,0.252,0.128,0.036
0.12501,0.01,0.032,0.108,0.226,0.258,0.232,0.1,0.034
0.12601,0.004,0.03,0.108,0.226,0.3,0.204,0.112,0.016
0.12701,0.006,0.03,0.094,0.23,0.268,0.23,0.112,0.03
0.12801,0.004,0.03,0.108,0.198,0.306,0.22,0.096,0.038
0.12901,0.0,0.042,0.102,0.242,0.292,0.208,0.074,0.04
0.13001,0.006,0.026,0.092,0.236,0.296,0.22,0.1,0.024
0.13101,0.012,0.032,0.116,0.232,0.278,0.208,0.098,0.024
0.13201,0.002,0.028,0.106,0.214,0.278,0.216,0.12,0.036
0.13301,0.002,0.042,0.102,0.232,0.274,0.194,0.128,0.026
0.13401,0.004,0.02,0.104,0.234,0.254,0.234,0.12,0.03
0.13501,0.0,0.034,0.08,0.216,0.296,0.238,0.104,0.032
0.13601,0.006,0.032,0.09,0.242,0.284,0.23,0.1,0.016
0.13701,0.004,0.042,0.104,0.208,0.29,0.204,0.114,0.034
0.13801,0.002,0.036,0.11,0.23,0.296,0.206,0.084,0.036
0.13901,0.01,0.044,0.098,0.23,0.296,0.22,0.07,0.032
0.14001,0.002,0.046,0.106,0.22,0.31,0.202,0.086,0.028
0.14101,0.004,0.056,0.12,0.232,0.238,0.208,0.104,0.038
0.14201,0.002,0.038,0.104,0.242,0.264,0.216,0.088,0.046
0.14301,0.006,0.036,0.122,0.21,0.266,0.228,0.1,0.032
0.14401,0.004,0.032,0.1,0.246,0.3,0.212,0.09,0.016
0.14501,0.006,0.018,0.084,0.258,0.298,0.2,0.106,0.03
0.14601,0.0,0.022,0.11,0.202,0.27,0.244,0.112,0.04
0.14701,0.002,0.03,0.112,0.194,0.276,0.224,0.13,0.032
0.14801,0.008,0.034,0.112,0.278,0.254,0.19,0.094,0.03
0.14901,0.002,0.028,0.096,0.25,0.288,0.222,0.084,0.03
0.15001,0.012,0.03,0.108,0.214,0.308,0.212,0.086,0.03
0.15101,0.004,0.04,0.082,0.248,0.306,0.206,0.086,0.028
0.15201,0.002,0.04,0.098,0.248,0.306,0.158,0.11,0.038
0.15301,0.002,0.04,0.116,0.256,0.284,0.18,0.094,0.028
0.15401,0.006,0.03,0.114,0.256,0.3,0.17,0.106,0.018
0.15501,0.008,0.042,0.08,0.208,0.3,0.212,0.104,0.046
0.15601,0.006,0.028,0.104,0.234,0.308,0.196,0.098,0.026
0.15701,0.006,0.044,0.09,0.23,0.254,0.22,0.122,0.034
0.15801,0.012,0.034,0.104,0.242,0.296,0.186,0.092,0.034
0.15901,0.002,0.032,0.096,0.192,0.322,0.228,0.106,0.022
0.16001,0.004,0.04,0.142,0.256,0.246,0.188,0.104,0.02
0.16101,0.0,0.032,0.104,0.286,0.274,0.192,0.094,0.018
0.16201,0.0,0.028,0.096,0.226,0.266,0.262,0.094,0.028
0.16301,0.004,0.042,0.112,0.21,0.272,0.192,0.118,0.05
0.16401,0.004,0.03,0.13,0.224,0.284,0.186,0.104,0.038
0.16501,0.0,0.044,0.096,0.26,0.288,0.194,0.094,0.024
0.16601,0.004,0.028,0.114,0.226,0.28,0.224,0.104,0.02
0.16701,0.002,0.036,0.114,0.212,0.262,0.24,0.102,0.032
0.16801,0.004,0.022,0.102,0.214,0.296,0.22,0.116,0.026
0.16901,0.008,0.042,0.11,0.206,0.262,0.224,0.112,0.036
0.17001,0.002,0.06,0.108,0.23,0.292,0.202,0.082,0.024
0.17101,0.004,0.034,0.138,0.23,0.278,0.204,0.096,0.016
0.17201,0.002,0.042,0.094,0.262,0.29,0.192,0.096,0.022
0.17301,0.008,0.03,0.096,0.246,0.29,0.208,0.102,0.02
0.17401,0.002,0.024,0.116,0.238,0.298,0.204,0.096,0.022
0.17501,0.002,0.038,0.116,0.232,0.244,0.226,0.104,0.038
0.17601,0.004,0.042,0.12,0.218,0.264,0.236,0.084,0.032
0.17701,0.004,0.036,0.116,0.27,0.274,0.192,0.076,0.032
0.17801,0.006,0.038,0.102,0.218,0.326,0.204,0.084,0.022
0.17901,0.008,0.016,0.102,0.228,0.316,0.198,0.098,0.034
0.18001,0.01,0.032,0.092,0.256,0.268,0.212,0.09,0.04
0.18101,0.012,0.05,0.11,0.218,0.264,0.206,0.114,0.026
0.18201,0.008,0.026,0.082,0.258,0.294,0.186,0.108,0.038
0.18301,0.008,0.026,0.112,0.268,0.26,0.212,0.076,0.038
0.18401,0.0,0.034,0.094,0.234,0.3,0.236,0.07,0.032
0.18501,0.0,0.054,0.094,0.244,0.258,0.2,0.118,0.032
0.18601,0.01,0.026,0.114,0.224,0.3,0.202,0.104,0.02
0.18701,0.004,0.036,0.122,0.224,0.26,0.23,0.1,0.024
0.18801,0.004,0.03,0.126,0.21,0.26,0.214,0.114,0.042
0.18901,0.004,0.046,0.09,0.24,0.31,0.202,0.088,0.02
0.19001,0.01,0.038,0.072,0.214,0.27,0.256,0.114,0.026
0.19101,0.006,0.028,0.09,0.246,0.26,0.236,0.102,0.032
0.19201,0.002,0.036,0.122,0.226,0.278,0.23,0.084,0.022
0.19301,0.006,0.04,0.124,0.176,0.28,0.254,0.078,0.042
0.19401,0.0,0.046,0.1,0.238,0.264,0.232,0.084,0.036
0.19501,0.004,0.044,0.092,0.238,0.274,0.202,0.114,0.032
0.19601,0.004,0.032,0.098,0.248,0.284,0.226,0.094,0.014
0.19701,0.008,0.026,0.09,0.218,0.288,0.242,0.104,0.024
0.19801,0.004,0.022,0.086,0.246,0.284,0.248,0.09,0.02
0.19901,0.0,0.036,0.11,0.248,0.272,0.22,0.088,0.026
0.20001,0.002,0.036,0.11,0.218,0.288,0.22,0.098,0.028
0.20101,0.006,0.036,0.112,0.238,0.292,0.208,0.092,0.016
0.20201,0.01,0.036,0.108,0.258,0.314,0.164,0.088,0.022
0.20301,0.006,0.048,0.108,0.216,0.264,0.214,0.112,0.032
0.20401,0.002,0.026,0.112,0.266,0.29,0.2,0.09,0.014
0.20501,0.004,0.036,0.118,0.218,0.3,0.216,0.084,0.024
0.20601,0.002,0.026,0.118,0.222,0.266,0.232,0.112,0.022
0.20701,0.004,0.036,0.094,0.27,0.274,0.208,0.09,0.024
0.20801,0.006,0.042,0.114,0.244,0.274,0.192,0.1,0.028
0.20901,0.004,0.034,0.15,0.204,0.27,0.208,0.104,0.026
0.21001,0.004,0.032,0.128,0.266,0.26,0.194,0.092,0.024
0.21101,0.006,0.044,0.136,0.252,0.288,0.186,0.064,0.024
0.21201,0.002,0.052,0.112,0.226,0.278,0.198,0.102,0.03
0.21301,0.008,0.048,0.096,0.216,0.308,0.192,0.098,0.034
0.21401,0.002,0.048,0.116,0.258,0.264,0.208,0.09,0.014
0.21501,0.012,0.052,0.08,0.264,0.244,0.208,0.11,0.03
0.21601,0.008,0.054,0.126,0.242,0.254,0.2,0.09,0.026
0.21701,0.002,0.03,0.116,0.218,0.298,0.216,0.104,0.016
0.21801,0.002,0.036,0.126,0.236,0.278,0.198,0.102,0.022
0.21901,0.002,0.038,0.098,0.23,0.266,0.212,0.118,0.036
0.22001,0.004,0.022,0.122,0.204,0.302,0.212,0.118,0.016
0.22101,0.002,0.042,0.104,0.286,0.266,0.206,0.07,0.024
0.22201,0.008,0.03,0.104,0.218,0.286,0.222,0.096,0.036
0.22301,0.004,0.042,0.11,0.236,0.278,0.212,0.092,0.026
0.22401,0.008,0.028,0.09,0.258,0.288,0.2,0.114,0.014
0.22501,0.004,0.024,0.116,0.218,0.296,0.222,0.096,0.024
0.22601,0.006,0.02,0.11,0.236,0.294,0.214,0.084,0.036
0.22701,0.004,0.032,0.104,0.228,0.284,0.212,0.114,0.022
0.22801,0.008,0.05,0.118,0.22,0.286,0.196,0.092,0.03
0.22901,0.006,0.04,0.114,0.278,0.28,0.182,0.068,0.032
0.23001,0.004,0.04,0.074,0.206,0.316,0.242,0.098,0.02
0.23101,0.006,0.024,0.1,0.226,0.328,0.188,0.11,0.018
0.23201,0.006,0.038,0.112,0.214,0.27,0.218,0.1,0.042
0.23301,0.008,0.042,0.092,0.246,0.266,0.214,0.108,0.024
0.23401,0.01,0.048,0.094,0.282,0.258,0.198,0.074,0.036
0.23501,0.012,0.046,0.112,0.234,0.294,0.194,0.08,0.028
0.23601,0.006,0.032,0.102,0.222,0.312,0.21,0.088,0.028
0.23701,0.01,0.046,0.082,0.224,0.314,0.196,0.102,0.026
0.23801,0.002,0.03,0.094,0.21,0.298,0.232,0.114,0.02
0.23901,0.008,0.02,0.122,0.244,0.3,0.192,0.082,0.032
0.24001,0.006,0.048,0.116,0.22,0.242,0.24,0.104,0.024
0.24101,0.008,0.042,0.09,0.216,0.31,0.188,0.108,0.038
0.24201,0.004,0.032,0.086,0.216,0.33,0.194,0.106,0.032
0.24301,0.004,0.03,0.088,0.27,0.306,0.186,0.088,0.028
0.24401,0.004,0.026,0.084,0.232,0.292,0.222,0.112,0.028
0.24501,0.002,0.028,0.104,0.222,0.278,0.222,0.11,0.034
0.24601,0.004,0.038,0.126,0.214,0.286,0.208,0.1,0.024
0.24701,0.006,0.05,0.102,0.232,0.248,0.236,0.102,0.024
0.24801,0.002,0.04,0.1,0.23,0.34,0.196,0.066,0.026
0.24901,0.008,0.04,0.098,0.218,0.3,0.222,0.082,0.032
0.25001,0.004,0.04,0.098,0.284,0.232,0.232,0.086,0.024
0.25101,0.002,0.054,0.13,0.23,0.238,0.22,0.098,0.028
0.25201,0.012,0.034,0.112,0.25,0.286,0.19,0.082,0.034
0.25301,0.002,0.034,0.096,0.24,0.254,0.224,0.098,0.052
0.25401,0.004,0.04,0.11,0.238,0.25,0.226,0.11,0.022
0.25501,0.004,0.038,0.11,0.216,0.262,0.23,0.11,0.03
0.25601,0.0,0.044,0.092,0.196,0.276,0.248,0.114,0.03
0.25701,0.0,0.034,0.106,0.224,0.268,0.238,0.086,0.044
0.25801,0.006,0.034,0.128,0.252,0.268,0.184,0.09,0.038
0.25901,0.008,0.026,0.132,0.232,0.29,0.202,0.082,0.028
0.26001,0.004,0.018,0.098,0.236,0.278,0.244,0.09,0.032
0.26101,0.012,0.044,0.112,0.268,0.288,0.2,0.062,0.014
0.26201,0.014,0.04,0.122,0.248,0.282,0.19,0.076,0.028
0.26301,0.0,0.042,0.104,0.194,0.334,0.19,0.096,0.04
0.26401,0.006,0.042,0.114,0.236,0.294,0.194,0.092,0.022
0.26501,0.006,0.03,0.088,0.258,0.31,0.206,0.072,0.03
0.26601,0.004,0.026,0.108,0.252,0.278,0.214,0.086,0.032
0.26701,0.004,0.03,0.12,0.236,0.31,0.21,0.064,0.026
0.26801,0.016,0.04,0.102,0.224,0.268,0.21,0.11,0.03
0.26901,0.008,0.034,0.078,0.222,0.306,0.218,0.114,0.02
0.27001,0.002,0.048,0.126,0.2,0.286,0.216,0.094,0.028
0.27101,0.002,0.044,0.122,0.262,0.264,0.2,0.094,0.012
0.27201,0.006,0.038,0.112,0.262,0.262,0.202,0.09,0.028
0.27301,0.008,0.046,0.118,0.246,0.322,0.164,0.082,0.014
0.27401,0.002,0.058,0.122,0.27,0.256,0.192,0.08,0.02
0.27501,0.0,0.036,0.104,0.24,0.244,0.242,0.116,0.018
0.27601,0.006,0.024,0.114,0.236,0.296,0.208,0.086,0.03
0.27701,0.002,0.038,0.13,0.236,0.268,0.224,0.08,0.022
0.27801,0.002,0.042,0.106,0.254,0.278,0.212,0.086,0.02
0.27901,0.004,0.046,0.106,0.172,0.314,0.218,0.106,0.034
0.28001,0.002,0.038,0.082,0.232,0.28,0.244,0.1,0.022
0.28101,0.004,0.042,0.092,0.274,0.278,0.206,0.082,0.022
0.28201,0.002,0.046,0.128,0.228,0.258,0.226,0.088,0.024
0.28301,0.002,0.052,0.11,0.26,0.27,0.21,0.068,0.028
0.28401,0.006,0.04,0.122,0.23,0.26,0.23,0.098,0.014
0.28501,0.01,0.056,0.102,0.244,0.27,0.186,0.094,0.038
0.28601,0.002,0.054,0.102,0.212,0.3,0.208,0.09,0.032
0.28701,0.008,0.054,0.094,0.238,0.282,0.186,0.11,0.028
0.28801,0.008,0.044,0.112,0.26,0.32,0.162,0.074,0.02
0.28901,0.008,0.044,0.104,0.244,0.302,0.198,0.078,0.022
0.29001,0.002,0.034,0.106,0.224,0.322,0.222,0.064,0.026
0.29101,0.004,0.046,0.1,0.248,0.28,0.186,0.104,0.032
0.29201,0.004,0.036,0.09,0.256,0.32,0.2,0.07,0.024
0.29301,0.008,0.048,0.092,0.264,0.286,0.174,0.112,0.016
0.29401,0.012,0.036,0.086,0.23,0.29,0.23,0.1,0.016
0.29501,0.002,0.04,0.102,0.25,0.3,0.194,0.096,0.016
0.29601,0.008,0.034,0.13,0.226,0.258,0.214,0.098,0.032
0.29701,0.004,0.036,0.104,0.246,0.292,0.21,0.086,0.022
0.29801,0.008,0.046,0.11,0.286,0.242,0.194,0.092,0.022
0.29901,0.012,0.032,0.112,0.226,0.278,0.206,0.108,0.026
0.30001,0.016,0.042,0.116,0.206,0.284,0.226,0.086,0.024
0.30101,0.002,0.024,0.112,0.286,0.314,0.174,0.066,0.022
0.30201,0.004,0.042,0.122,0.254,0.276,0.186,0.094,0.022
0.30301,0.004,0.034,0.094,0.192,0.318,0.238,0.094,0.026
0.30401,0.002,0.054,0.096,0.258,0.28,0.208,0.086,0.016
0.30501,0.014,0.048,0.138,0.212,0.274,0.212,0.076,0.026
0.30601,0.008,0.024,0.114,0.224,0.29,0.232,0.088,0.02
0.30701,0.0,0.026,0.118,0.268,0.32,0.192,0.058,0.018
0.30801,0.008,0.056,0.096,0.242,0.252,0.204,0.11,0.032
0.30901,0.0,0.042,0.1,0.25,0.298,0.184,0.104,0.022
0.31001,0.002,0.042,0.09,0.232,0.282,0.232,0.076,0.044
0.31101,0.004,0.052,0.118,0.238,0.308,0.184,0.078,0.018
0.31201,0.004,0.038,0.148,0.242,0.31,0.174,0.064,0.02
0.31301,0.004,0.038,0.116,0.244,0.282,0.202,0.086,0.028
0.31401,0.004,0.028,0.084,0.262,0.31,0.21,0.084,0.018
0.31501,0.006,0.032,0.084,0.23,0.354,0.192,0.08,0.022
0.31601,0.004,0.018,0.096,0.25,0.304,0.212,0.08,0.036
0.31701,0.012,0.042,0.106,0.276,0.24,0.226,0.07,0.028
0.31801,0.002,0.028,0.11,0.25,0.28,0.176,0.112,0.042
0.31901,0.014,0.048,0.1,0.228,0.262,0.212,0.114,0.022
0.32001,0.002,0.052,0.096,0.258,0.294,0.192,0.076,0.03
0.32101,0.008,0.058,0.108,0.186,0.322,0.204,0.084,0.03
0.32201,0.004,0.03,0.114,0.22,0.288,0.222,0.092,0.03
0.32301,0.008,0.028,0.09,0.22,0.314,0.23,0.084,0.026
0.32401,0.004,0.042,0.088,0.252,0.288,0.194,0.108,0.024
0.32501,0.002,0.032,0.088,0.228,0.324,0.228,0.07,0.028
0.32601,0.0,0.048,0.12,0.274,0.268,0.202,0.066,0.022
0.32701,0.012,0.054,0.098,0.23,0.31,0.18,0.092,0.024
0.32801,0.004,0.044,0.092,0.254,0.31,0.188,0.086,0.022
0.32901,0.004,0.058,0.104,0.252,0.274,0.19,0.092,0.026
0.33001,0.004,0.034,0.106,0.28,0.256,0.19,0.108,0.022
0.33101,0.008,0.022,0.1,0.206,0.302,0.234,0.11,0.018
0.33201,0.004,0.056,0.084,0.218,0.328,0.182,0.098,0.03
0.33301,0.004,0.064,0.12,0.228,0.292,0.2,0.072,0.02
0.33401,0.002,0.04,0.11,0.258,0.246,0.198,0.1,0.046
0.33501,0.004,0.06,0.092,0.288,0.312,0.17,0.064,0.01
0.33601,0.002,0.026,0.076,0.23,0.336,0.204,0.104,0.022
0.33701,0.006,0.028,0.11,0.27,0.29,0.198,0.068,0.03
0.33801,0.006,0.032,0.114,0.25,0.276,0.204,0.082,0.036
0.33901,0.006,0.026,0.12,0.224,0.312,0.192,0.082,0.038
0.34001,0.006,0.04,0.084,0.254,0.334,0.184,0.084,0.014
0.34101,0.002,0.034,0.084,0.24,0.302,0.244,0.068,0.026
0.34201,0.004,0.03,0.1,0.212,0.268,0.246,0.114,0.026
0.34301,0.006,0.058,0.12,0.228,0.266,0.206,0.09,0.026
0.34401,0.008,0.03,0.08,0.288,0.286,0.228,0.066,0.014
0.34501,0.004,0.036,0.12,0.218,0.324,0.176,0.088,0.034
0.34601,0.01,0.042,0.114,0.304,0.284,0.192,0.046,0.008
0.34701,0.016,0.058,0.102,0.23,0.294,0.19,0.084,0.026
0.34801,0.016,0.052,0.096,0.24,0.288,0.192,0.104,0.012
0.34901,0.006,0.044,0.098,0.24,0.312,0.188,0.086,0.026
0.35001,0.002,0.056,0.098,0.232,0.302,0.216,0.074,0.02
0.35101,0.012,0.056,0.094,0.218,0.322,0.208,0.068,0.022
0.35201,0.0,0.042,0.118,0.252,0.272,0.206,0.086,0.024
0.35301,0.004,0.054,0.136,0.262,0.254,0.196,0.076,0.018
0.35401,0.004,0.028,0.11,0.27,0.29,0.184,0.096,0.018
0.35501,0.006,0.044,0.096,0.242,0.31,0.206,0.08,0.016
0.35601,0.008,0.05,0.116,0.266,0.27,0.194,0.068,0.028
0.35701,0.008,0.052,0.114,0.26,0.246,0.198,0.1,0.022
0.35801,0.01,0.04,0.092,0.288,0.284,0.198,0.072,0.016
0.35901,0.008,0.05,0.102,0.242,0.288,0.216,0.078,0.016
0.36001,0.004,0.054,0.13,0.228,0.28,0.204,0.076,0.024
0.36101,0.01,0.042,0.122,0.258,0.284,0.202,0.07,0.012
0.36201,0.004,0.036,0.098,0.258,0.34,0.182,0.058,0.024
0.36301,0.008,0.056,0.108,0.23,0.32,0.178,0.066,0.034
0.36401,0.01,0.056,0.094,0.228,0.306,0.204,0.078,0.024
0.36501,0.014,0.038,0.116,0.24,0.272,0.22,0.088,0.012
0.36601,0.02,0.06,0.114,0.24,0.304,0.194,0.056,0.012
0.36701,0.006,0.04,0.112,0.266,0.29,0.176,0.08,0.03
0.36801,0.012,0.064,0.094,0.256,0.242,0.22,0.076,0.036
0.36901,0.008,0.02,0.128,0.262,0.298,0.184,0.078,0.022
0.37001,0.01,0.032,0.118,0.206,0.32,0.19,0.098,0.026
0.37101,0.01,0.056,0.098,0.26,0.258,0.192,0.098,0.028
0.37201,0.014,0.068,0.082,0.27,0.278,0.178,0.092,0.018
0.37301,0.014,0.04,0.08,0.248,0.33,0.21,0.068,0.01
0.37401,0.01,0.056,0.106,0.246,0.318,0.168,0.07,0.026
0.37501,0.004,0.042,0.114,0.276,0.248,0.192,0.096,0.028
0.37601,0.026,0.074,0.124,0.22,0.244,0.204,0.08,0.028
0.37701,0.006,0.046,0.09,0.234,0.262,0.25,0.098,0.014
0.37801,0.008,0.028,0.102,0.28,0.26,0.196,0.104,0.022
0.37901,0.01,0.068,0.116,0.258,0.24,0.212,0.076,0.02
0.38001,0.02,0.05,0.116,0.26,0.262,0.186,0.084,0.022
0.38101,0.016,0.056,0.12,0.274,0.262,0.162,0.082,0.028
0.38201,0.004,0.038,0.142,0.236,0.308,0.198,0.054,0.02
0.38301,0.002,0.036,0.086,0.254,0.286,0.216,0.112,0.008
0.38401,0.006,0.046,0.086,0.258,0.288,0.198,0.09,0.028
0.38501,0.012,0.064,0.144,0.25,0.268,0.18,0.074,0.008
0.38601,0.006,0.04,0.152,0.248,0.29,0.19,0.058,0.016
0.38701,0.012,0.05,0.128,0.28,0.252,0.17,0.07,0.038
0.38801,0.01,0.072,0.102,0.218,0.282,0.226,0.064,0.026
0.38901,0.01,0.05,0.118,0.258,0.28,0.188,0.078,0.018
0.39001,0.008,0.046,0.12,0.228,0.294,0.158,0.116,0.03
0.39101,0.008,0.044,0.1,0.262,0.298,0.222,0.05,0.016
0.39201,0.01,0.062,0.12,0.254,0.274,0.192,0.078,0.01
0.39301,0.014,0.046,0.114,0.224,0.31,0.206,0.064,0.022
0.39401,0.01,0.054,0.108,0.226,0.288,0.22,0.068,0.026
0.39501,0.008,0.038,0.088,0.262,0.318,0.208,0.062,0.016
0.39601,0.002,0.052,0.116,0.232,0.34,0.176,0.068,0.014
0.39701,0.008,0.05,0.106,0.266,0.262,0.198,0.086,0.024
0.39801,0.006,0.04,0.112,0.23,0.294,0.194,0.082,0.042
0.39901,0.006,0.058,0.098,0.23,0.314,0.204,0.078,0.012
0.40001,0.014,0.064,0.086,0.278,0.286,0.172,0.084,0.016
0.40101,0.01,0.044,0.122,0.256,0.298,0.182,0.068,0.02
0.40201,0.022,0.05,0.124,0.266,0.274,0.148,0.088,0.028
0.40301,0.012,0.05,0.116,0.252,0.262,0.206,0.09,0.012
0.40401,0.01,0.06,0.104,0.222,0.284,0.202,0.102,0.016
0.40501,0.014,0.038,0.086,0.252,0.304,0.188,0.094,0.024
0.40601,0.0,0.026,0.11,0.258,0.29,0.218,0.088,0.01
0.40701,0.004,0.026,0.118,0.274,0.3,0.194,0.068,0.016
0.40801,0.01,0.062,0.102,0.262,0.25,0.204,0.086,0.024
0.40901,0.006,0.086,0.104,0.246,0.304,0.156,0.072,0.026
0.41001,0.016,0.064,0.116,0.256,0.254,0.206,0.066,0.022
0.41101,0.012,0.046,0.124,0.268,0.26,0.184,0.084,0.022
0.41201,0.01,0.048,0.106,0.264,0.296,0.164,0.082,0.03
0.41301,0.024,0.04,0.104,0.266,0.282,0.198,0.076,0.01
0.41401,0.004,0.042,0.116,0.268,0.304,0.194,0.062,0.01
0.41501,0.012,0.058,0.094,0.238,0.318,0.182,0.072,0.026
0.41601,0.004,0.056,0.1,0.234,0.344,0.208,0.052,0.002
0.41701,0.004,0.066,0.102,0.26,0.31,0.186,0.058,0.014
0.41801,0.004,0.028,0.12,0.236,0.334,0.2,0.062,0.016
0.41901,0.008,0.048,0.12,0.228,0.304,0.184,0.088,0.02
0.42001,0.018,0.062,0.096,0.246,0.31,0.176,0.076,0.016
0.42101,0.018,0.098,0.13,0.256,0.256,0.15,0.076,0.016
0.42201,0.01,0.058,0.11,0.25,0.28,0.192,0.076,0.024
0.42301,0.0,0.048,0.104,0.254,0.314,0.164,0.092,0.024
0.42401,0.012,0.066,0.114,0.256,0.27,0.168,0.092,0.022
0.42501,0.03,0.026,0.128,0.274,0.274,0.172,0.084,0.012
0.42601,0.006,0.038,0.084,0.266,0.308,0.218,0.056,0.024
0.42701,0.008,0.042,0.102,0.264,0.284,0.194,0.092,0.014
0.42801,0.008,0.028,0.064,0.26,0.314,0.208,0.088,0.03
0.42901,0.008,0.068,0.116,0.254,0.258,0.17,0.094,0.032
0.43001,0.016,0.054,0.116,0.236,0.326,0.174,0.056,0.022
0.43101,0.018,0.08,0.092,0.256,0.282,0.168,0.086,0.018
0.43201,0.016,0.052,0.116,0.282,0.26,0.178,0.076,0.02
0.43301,0.01,0.05,0.122,0.232,0.27,0.212,0.078,0.026
0.43401,0.004,0.026,0.09,0.264,0.284,0.206,0.096,0.03
0.43501,0.024,0.058,0.124,0.238,0.274,0.186,0.074,0.022
0.43601,0.01,0.07,0.118,0.284,0.258,0.154,0.09,0.016
0.43701,0.002,0.03,0.106,0.25,0.272,0.244,0.084,0.012
0.43801,0.014,0.056,0.11,0.268,0.294,0.176,0.064,0.018
0.43901,0.006,0.044,0.116,0.27,0.306,0.178,0.068,0.012
0.44001,0.014,0.048,0.122,0.26,0.312,0.168,0.058,0.018
0.44101,0.002,0.05,0.142,0.282,0.266,0.164,0.07,0.024
0.44201,0.01,0.062,0.106,0.282,0.27,0.152,0.094,0.024
0.44301,0.018,0.072,0.09,0.252,0.296,0.17,0.08,0.022
0.44401,0.014,0.024,0.116,0.292,0.264,0.18,0.094,0.016
0.44501,0.014,0.054,0.098,0.24,0.32,0.17,0.092,0.012
0.44601,0.016,0.07,0.092,0.262,0.266,0.196,0.078,0.02
0.44701,0.008,0.054,0.098,0.252,0.29,0.202,0.076,0.02
0.44801,0.022,0.068,0.128,0.228,0.298,0.184,0.06,0.012
0.44901,0.022,0.05,0.098,0.268,0.302,0.156,0.09,0.014
0.45001,0.014,0.074,0.082,0.256,0.306,0.182,0.068,0.018
0.45101,0.006,0.072,0.094,0.27,0.286,0.178,0.09,0.004
0.45201,0.018,0.058,0.12,0.258,0.3,0.184,0.05,0.012
0.45301,0.0,0.054,0.102,0.226,0.282,0.236,0.088,0.012
0.45401,0.018,0.084,0.1,0.238,0.28,0.184,0.082,0.014
0.45501,0.022,0.058,0.124,0.236,0.3,0.192,0.05,0.018
0.45601,0.002,0.064,0.142,0.284,0.258,0.188,0.052,0.01
0.45701,0.026,0.03,0.12,0.27,0.256,0.194,0.07,0.034
0.45801,0.012,0.084,0.122,0.268,0.278,0.162,0.06,0.014
0.45901,0.014,0.078,0.116,0.258,0.282,0.166,0.072,0.014
0.46001,0.008,0.04,0.104,0.25,0.32,0.2,0.05,0.028
0.46101,0.02,0.066,0.118,0.256,0.234,0.18,0.108,0.018
0.46201,0.018,0.032,0.08,0.288,0.298,0.196,0.072,0.016
0.46301,0.01,0.076,0.116,0.27,0.268,0.18,0.056,0.024
0.46401,0.008,0.06,0.088,0.244,0.302,0.194,0.088,0.016
0.46501,0.012,0.09,0.098,0.246,0.278,0.192,0.062,0.022
0.46601,0.008,0.048,0.092,0.256,0.304,0.198,0.07,0.024
0.46701,0.008,0.06,0.126,0.258,0.264,0.174,0.08,0.03
0.46801,0.02,0.044,0.084,0.328,0.258,0.184,0.066,0.016
0.46901,0.018,0.06,0.12,0.262,0.264,0.192,0.072,0.012
0.47001,0.024,0.066,0.142,0.248,0.258,0.162,0.082,0.018
0.47101,0.008,0.054,0.104,0.198,0.326,0.198,0.092,0.02
0.47201,0.008,0.068,0.108,0.266,0.3,0.194,0.052,0.004
0.47301,0.014,0.05,0.074,0.232,0.322,0.204,0.07,0.034
0.47401,0.014,0.054,0.086,0.254,0.296,0.212,0.074,0.01
0.47501,0.012,0.056,0.132,0.252,0.268,0.178,0.082,0.02
0.47601,0.014,0.04,0.086,0.288,0.3,0.184,0.08,0.008
0.47701,0.016,0.072,0.144,0.256,0.3,0.142,0.062,0.008
0.47801,0.01,0.048,0.08,0.296,0.294,0.184,0.082,0.006
0.47901,0.014,0.07,0.106,0.252,0.312,0.16,0.068,0.018
0.48001,0.002,0.04,0.094,0.276,0.304,0.208,0.062,0.014
0.48101,0.016,0.058,0.112,0.282,0.262,0.17,0.078,0.022
0.48201,0.024,0.08,0.118,0.302,0.23,0.168,0.062,0.016
0.48301,0.02,0.05,0.118,0.276,0.312,0.166,0.042,0.016
0.48401,0.012,0.066,0.118,0.192,0.326,0.194,0.084,0.008
0.48501,0.01,0.03,0.096,0.266,0.33,0.198,0.062,0.008
0.48601,0.016,0.056,0.12,0.26,0.316,0.146,0.074,0.012
0.48701,0.016,0.068,0.122,0.274,0.278,0.168,0.058,0.016
0.48801,0.012,0.044,0.088,0.25,0.314,0.202,0.08,0.01
0.48901,0.002,0.056,0.112,0.312,0.31,0.14,0.048,0.02
0.49001,0.012,0.066,0.104,0.252,0.314,0.162,0.066,0.024
0.49101,0.014,0.074,0.126,0.26,0.272,0.172,0.068,0.014
0.49201,0.004,0.048,0.114,0.32,0.26,0.184,0.06,0.01
0.49301,0.01,0.044,0.114,0.278,0.302,0.172,0.066,0.014
0.49401,0.022,0.108,0.144,0.284,0.226,0.17,0.038,0.008
0.49501,0.01,0.064,0.12,0.27,0.284,0.18,0.062,0.01
0.49601,0.016,0.056,0.132,0.192,0.294,0.196,0.1,0.014
0.49701,0.016,0.078,0.132,0.236,0.296,0.164,0.072,0.006
0.49801,0.016,0.066,0.092,0.266,0.31,0.168,0.064,0.018
0.49901,0.032,0.106,0.118,0.238,0.268,0.18,0.04,0.018
0.50001,0.006,0.044,0.106,0.284,0.296,0.182,0.062,0.02
0.50101,0.01,0.08,0.11,0.278,0.27,0.168,0.052,0.032
0.50201,0.048,0.078,0.088,0.242,0.276,0.18,0.068,0.02
0.50301,0.02,0.098,0.124,0.258,0.26,0.142,0.078,0.02
0.50401,0.01,0.074,0.108,0.326,0.27,0.158,0.048,0.006
0.50501,0.016,0.086,0.136,0.258,0.254,0.16,0.076,0.014
0.50601,0.014,0.096,0.122,0.228,0.272,0.184,0.07,0.014
0.50701,0.016,0.084,0.112,0.236,0.316,0.168,0.056,0.012
0.50801,0.03,0.062,0.122,0.252,0.324,0.162,0.042,0.006
0.50901,0.008,0.06,0.128,0.264,0.276,0.168,0.072,0.024
0.51001,0.028,0.052,0.086,0.288,0.25,0.194,0.082,0.02
0.51101,0.016,0.116,0.106,0.244,0.28,0.154,0.074,0.01
0.51201,0.004,0.054,0.096,0.264,0.286,0.2,0.076,0.02
0.51301,0.024,0.072,0.134,0.246,0.314,0.156,0.05,0.004
0.51401,0.022,0.084,0.1,0.258,0.308,0.16,0.052,0.016
0.51501,0.008,0.048,0.136,0.262,0.31,0.168,0.052,0.016
0.51601,0.028,0.068,0.092,0.242,0.3,0.176,0.076,0.018
0.51701,0.01,0.066,0.136,0.298,0.242,0.17,0.06,0.018
0.51801,0.018,0.07,0.1,0.274,0.286,0.166,0.068,0.018
0.51901,0.022,0.064,0.126,0.216,0.328,0.162,0.074,0.008
0.52001,0.014,0.092,0.114,0.306,0.272,0.128,0.046,0.028
0.52101,0.016,0.07,0.088,0.288,0.296,0.186,0.052,0.004
0.52201,0.026,0.082,0.146,0.256,0.252,0.148,0.082,0.008
0.52301,0.018,0.098,0.138,0.274,0.278,0.138,0.044,0.012
0.52401,0.016,0.062,0.09,0.272,0.294,0.192,0.054,0.02
0.52501,0.028,0.142,0.114,0.276,0.244,0.132,0.056,0.008
0.52601,0.026,0.078,0.116,0.294,0.282,0.146,0.058,0.0
0.52701,0.016,0.07,0.106,0.284,0.264,0.19,0.06,0.01
0.52801,0.03,0.122,0.132,0.224,0.268,0.154,0.066,0.004
0.52901,0.016,0.078,0.092,0.28,0.294,0.168,0.066,0.006
0.53001,0.022,0.074,0.128,0.278,0.288,0.158,0.04,0.012
0.53101,0.032,0.084,0.11,0.24,0.284,0.154,0.078,0.018
0.53201,0.024,0.08,0.114,0.264,0.316,0.154,0.046,0.002
0.53301,0.012,0.088,0.072,0.27,0.32,0.158,0.066,0.014
0.53401,0.014,0.072,0.126,0.27,0.264,0.17,0.066,0.018
0.53501,0.014,0.048,0.108,0.242,0.322,0.208,0.054,0.004
0.53601,0.026,0.078,0.134,0.264,0.272,0.162,0.05,0.014
0.53701,0.03,0.096,0.164,0.268,0.276,0.12,0.038,0.008
0.53801,0.028,0.062,0.112,0.26,0.288,0.18,0.048,0.022
0.53901,0.046,0.136,0.144,0.262,0.224,0.134,0.046,0.008
0.54001,0.022,0.102,0.116,0.23,0.27,0.176,0.064,0.02
0.54101,0.042,0.102,0.104,0.294,0.24,0.162,0.044,0.012
0.54201,0.032,0.108,0.104,0.23,0.28,0.16,0.072,0.014
0.54301,0.012,0.064,0.118,0.23,0.348,0.164,0.054,0.01
0.54401,0.016,0.108,0.086,0.278,0.27,0.176,0.054,0.012
0.54501,0.026,0.062,0.116,0.276,0.3,0.152,0.056,0.012
0.54601,0.028,0.072,0.124,0.26,0.314,0.148,0.048,0.006
0.54701,0.05,0.116,0.156,0.252,0.206,0.148,0.062,0.01
0.54801,0.02,0.108,0.106,0.248,0.272,0.184,0.054,0.008
0.54901,0.016,0.08,0.126,0.26,0.258,0.192,0.054,0.014
0.55001,0.014,0.114,0.14,0.288,0.256,0.12,0.062,0.006
0.55101,0.014,0.064,0.122,0.248,0.296,0.196,0.054,0.006
0.55201,0.056,0.118,0.15,0.232,0.232,0.15,0.054,0.008
0.55301,0.034,0.118,0.182,0.276,0.214,0.114,0.056,0.006
0.55401,0.026,0.112,0.106,0.226,0.292,0.18,0.044,0.014
0.55501,0.012,0.098,0.14,0.274,0.256,0.15,0.048,0.022
0.55601,0.032,0.164,0.138,0.28,0.196,0.13,0.058,0.002
0.55701,0.042,0.164,0.14,0.262,0.22,0.124,0.034,0.014
0.55801,0.024,0.06,0.148,0.312,0.226,0.164,0.054,0.012
0.55901,0.03,0.1,0.104,0.268,0.252,0.192,0.044,0.01
0.56001,0.046,0.144,0.098,0.25,0.242,0.164,0.04,0.016
0.56101,0.024,0.088,0.1,0.224,0.304,0.194,0.046,0.02
0.56201,0.036,0.092,0.11,0.254,0.284,0.174,0.038,0.012
0.56301,0.05,0.098,0.128,0.214,0.272,0.162,0.062,0.014
0.56401,0.03,0.114,0.134,0.254,0.264,0.138,0.058,0.008
0.56501,0.038,0.112,0.108,0.248,0.26,0.174,0.046,0.014
0.56601,0.034,0.048,0.084,0.294,0.29,0.172,0.062,0.016
0.56701,0.018,0.088,0.148,0.268,0.28,0.158,0.03,0.01
0.56801,0.036,0.094,0.118,0.256,0.216,0.158,0.1,0.022
0.56901,0.03,0.072,0.12,0.246,0.316,0.124,0.072,0.02
0.57001,0.022,0.04,0.104,0.274,0.302,0.206,0.04,0.012
0.57101,0.026,0.15,0.15,0.22,0.254,0.15,0.04,0.01
0.57201,0.052,0.14,0.136,0.242,0.236,0.148,0.042,0.004
0.57301,0.016,0.104,0.138,0.288,0.268,0.138,0.034,0.014
0.57401,0.04,0.132,0.128,0.262,0.24,0.146,0.042,0.01
0.57501,0.038,0.132,0.134,0.254,0.224,0.162,0.052,0.004
0.57601,0.038,0.122,0.116,0.292,0.256,0.126,0.036,0.014
0.57701,0.026,0.084,0.14,0.276,0.268,0.146,0.04,0.02
0.57801,0.028,0.088,0.132,0.26,0.284,0.16,0.044,0.004
0.57901,0.014,0.092,0.14,0.224,0.278,0.194,0.048,0.01
0.58001,0.062,0.152,0.138,0.254,0.216,0.138,0.036,0.004
0.58101,0.044,0.138,0.152,0.248,0.242,0.136,0.038,0.002
0.58201,0.036,0.158,0.152,0.234,0.23,0.146,0.036,0.008
0.58301,0.032,0.138,0.114,0.234,0.26,0.146,0.066,0.01
0.58401,0.058,0.148,0.156,0.23,0.264,0.104,0.034,0.006
0.58501,0.03,0.15,0.134,0.274,0.222,0.14,0.04,0.01
0.58601,0.028,0.146,0.128,0.308,0.21,0.124,0.046,0.01
0.58701,0.036,0.116,0.172,0.272,0.252,0.108,0.036,0.008
0.58801,0.082,0.158,0.14,0.272,0.216,0.088,0.038,0.006
0.58901,0.04,0.174,0.136,0.292,0.23,0.09,0.036,0.002
0.59001,0.022,0.176,0.124,0.228,0.274,0.142,0.026,0.008
0.59101,0.046,0.194,0.142,0.236,0.214,0.122,0.034,0.012
0.59201,0.058,0.164,0.164,0.26,0.21,0.098,0.042,0.004
0.59301,0.038,0.152,0.136,0.272,0.212,0.13,0.032,0.028
0.59401,0.074,0.158,0.142,0.252,0.186,0.142,0.038,0.008
0.59501,0.022,0.1,0.134,0.266,0.27,0.156,0.05,0.002
0.59601,0.052,0.176,0.17,0.216,0.204,0.122,0.048,0.012
0.59701,0.052,0.17,0.112,0.236,0.23,0.142,0.048,0.01
0.59801,0.052,0.172,0.114,0.274,0.218,0.13,0.032,0.008
0.59901,0.052,0.17,0.154,0.252,0.232,0.094,0.04,0.006
0.60001,0.01,0.15,0.142,0.272,0.23,0.138,0.052,0.006
0.60101,0.092,0.158,0.138,0.238,0.224,0.108,0.032,0.01
0.60201,0.022,0.12,0.148,0.242,0.276,0.16,0.03,0.002
0.60301,0.054,0.146,0.152,0.284,0.214,0.11,0.036,0.004
0.60401,0.1,0.22,0.158,0.244,0.162,0.082,0.028,0.006
0.60501,0.106,0.194,0.164,0.19,0.212,0.11,0.018,0.006
0.60601,0.04,0.11,0.134,0.252,0.286,0.118,0.048,0.012
0.60701,0.074,0.23,0.15,0.222,0.216,0.076,0.032,0.0
0.60801,0.062,0.15,0.112,0.312,0.196,0.114,0.042,0.012
0.60901,0.07,0.268,0.166,0.212,0.162,0.096,0.026,0.0
0.61001,0.084,0.182,0.14,0.25,0.196,0.104,0.03,0.014
0.61101,0.062,0.16,0.112,0.302,0.2,0.118,0.034,0.012
0.61201,0.044,0.226,0.17,0.26,0.156,0.09,0.048,0.006
0.61301,0.072,0.176,0.154,0.27,0.178,0.114,0.026,0.01
0.61401,0.03,0.144,0.15,0.244,0.234,0.144,0.042,0.012
0.61501,0.074,0.22,0.196,0.208,0.202,0.068,0.028,0.004
0.61601,0.066,0.162,0.17,0.228,0.198,0.124,0.046,0.006
0.61701,0.06,0.19,0.15,0.268,0.212,0.1,0.018,0.002
0.61801,0.09,0.232,0.158,0.244,0.152,0.078,0.038,0.008
0.61901,0.058,0.18,0.158,0.282,0.206,0.1,0.014,0.002
0.62001,0.044,0.232,0.136,0.252,0.208,0.098,0.022,0.008
0.62101,0.11,0.232,0.14,0.242,0.174,0.066,0.032,0.004
0.62201,0.126,0.282,0.15,0.174,0.192,0.056,0.014,0.006
0.62301,0.094,0.28,0.14,0.218,0.15,0.084,0.03,0.004
0.62401,0.078,0.242,0.146,0.184,0.216,0.106,0.026,0.002
0.62501,0.09,0.226,0.138,0.254,0.152,0.102,0.034,0.004
0.62601,0.048,0.204,0.156,0.26,0.202,0.116,0.014,0.0
0.62701,0.08,0.234,0.146,0.242,0.172,0.104,0.02,0.002
0.62801,0.096,0.232,0.172,0.21,0.186,0.078,0.024,0.002
0.62901,0.056,0.248,0.16,0.25,0.198,0.062,0.022,0.004
0.63001,0.068,0.216,0.134,0.246,0.208,0.086,0.032,0.01
0.63101,0.064,0.19,0.168,0.234,0.212,0.094,0.028,0.01
0.63201,0.1,0.206,0.142,0.222,0.194,0.106,0.024,0.006
0.63301,0.1,0.27,0.15,0.214,0.166,0.086,0.014,0.0
0.63401,0.098,0.216,0.152,0.26,0.194,0.064,0.014,0.002
0.63501,0.104,0.26,0.16,0.264,0.136,0.054,0.022,0.0
0.63601,0.096,0.246,0.146,0.228,0.16,0.098,0.026,0.0
0.63701,0.09,0.22,0.148,0.242,0.226,0.052,0.014,0.008
0.63801,0.092,0.244,0.16,0.252,0.158,0.076,0.014,0.004
0.63901,0.116,0.248,0.138,0.208,0.158,0.108,0.024,0.0
0.64001,0.11,0.2,0.17,0.28,0.14,0.082,0.014,0.004
0.64101,0.112,0.236,0.168,0.212,0.172,0.076,0.02,0.004
0.64201,0.05,0.226,0.162,0.218,0.258,0.058,0.02,0.008
0.64301,0.134,0.224,0.148,0.234,0.174,0.07,0.014,0.002
0.64401,0.078,0.276,0.13,0.214,0.186,0.08,0.028,0.008
0.64501,0.128,0.268,0.146,0.204,0.188,0.056,0.008,0.002
0.64601,0.098,0.26,0.17,0.21,0.17,0.078,0.014,0.0
0.64701,0.076,0.202,0.126,0.212,0.24,0.106,0.03,0.008
0.64801,0.076,0.292,0.18,0.224,0.14,0.068,0.016,0.004
0.64901,0.058,0.256,0.18,0.226,0.192,0.07,0.012,0.006
0.65001,0.1,0.286,0.174,0.204,0.142,0.066,0.022,0.006
0.65101,0.104,0.26,0.178,0.236,0.144,0.052,0.022,0.004
0.65201,0.09,0.27,0.152,0.248,0.148,0.062,0.03,0.0
0.65301,0.092,0.312,0.174,0.188,0.138,0.086,0.01,0.0
0.65401,0.136,0.298,0.164,0.194,0.142,0.036,0.03,0.0
0.65501,0.102,0.282,0.182,0.234,0.138,0.048,0.014,0.0
0.65601,0.084,0.246,0.19,0.244,0.164,0.064,0.008,0.0
0.65701,0.166,0.278,0.176,0.176,0.122,0.058,0.02,0.004
0.65801,0.106,0.24,0.128,0.206,0.184,0.098,0.028,0.01
0.65901,0.114,0.29,0.164,0.186,0.158,0.07,0.016,0.002
0.66001,0.112,0.346,0.192,0.19,0.126,0.03,0.004,0.0
0.66101,0.076,0.31,0.148,0.198,0.168,0.078,0.02,0.002
0.66201,0.14,0.254,0.206,0.228,0.138,0.028,0.006,0.0
0.66301,0.064,0.304,0.17,0.22,0.148,0.084,0.01,0.0
0.66401,0.11,0.282,0.152,0.204,0.154,0.07,0.028,0.0
0.66501,0.132,0.24,0.162,0.218,0.178,0.06,0.01,0.0
0.66601,0.084,0.328,0.214,0.196,0.104,0.052,0.018,0.004
0.66701,0.144,0.34,0.162,0.126,0.142,0.054,0.022,0.01
0.66801,0.132,0.332,0.172,0.182,0.112,0.058,0.01,0.002
0.66901,0.11,0.356,0.186,0.182,0.122,0.038,0.006,0.0
0.67001,0.146,0.348,0.178,0.182,0.1,0.036,0.008,0.002
0.67101,0.118,0.324,0.164,0.188,0.142,0.05,0.014,0.0
0.67201,0.122,0.304,0.166,0.19,0.136,0.066,0.016,0.0
0.67301,0.104,0.356,0.144,0.232,0.11,0.046,0.006,0.002
0.67401,0.144,0.372,0.16,0.158,0.11,0.038,0.018,0.0
0.67501,0.118,0.338,0.192,0.168,0.124,0.048,0.008,0.004
0.67601,0.13,0.33,0.166,0.18,0.116,0.07,0.008,0.0
0.67701,0.166,0.372,0.176,0.148,0.096,0.036,0.004,0.002
0.67801,0.166,0.34,0.182,0.17,0.076,0.048,0.016,0.002
0.67901,0.182,0.312,0.174,0.168,0.11,0.048,0.004,0.002
0.68001,0.162,0.368,0.168,0.164,0.09,0.032,0.014,0.002
0.68101,0.122,0.344,0.202,0.194,0.112,0.024,0.002,0.0
0.68201,0.128,0.33,0.152,0.188,0.144,0.05,0.008,0.0
0.68301,0.116,0.308,0.188,0.204,0.12,0.04,0.018,0.006
0.68401,0.118,0.286,0.16,0.214,0.168,0.034,0.016,0.004
0.68501,0.126,0.364,0.17,0.196,0.108,0.034,0.002,0.0
0.68601,0.194,0.388,0.154,0.17,0.066,0.026,0.002,0.0
0.68701,0.146,0.344,0.198,0.18,0.096,0.03,0.004,0.002
0.68801,0.142,0.316,0.164,0.192,0.128,0.052,0.006,0.0
0.68901,0.112,0.394,0.186,0.166,0.098,0.034,0.01,0.0
0.69001,0.136,0.356,0.166,0.144,0.138,0.048,0.012,0.0
0.69101,0.14,0.336,0.154,0.202,0.104,0.05,0.014,0.0
0.69201,0.132,0.382,0.196,0.168,0.078,0.03,0.014,0.0
0.69301,0.154,0.312,0.174,0.178,0.128,0.046,0.008,0.0
0.69401,0.18,0.372,0.17,0.172,0.066,0.032,0.008,0.0
0.69501,0.176,0.436,0.164,0.116,0.056,0.04,0.012,0.0
0.69601,0.124,0.424,0.176,0.138,0.088,0.03,0.02,0.0
0.69701,0.176,0.33,0.158,0.162,0.11,0.05,0.014,0.0
0.69801,0.138,0.39,0.18,0.182,0.082,0.028,0.0,0.0
0.69901,0.144,0.36,0.19,0.16,0.112,0.028,0.006,0.0
0.70001,0.152,0.384,0.174,0.142,0.096,0.038,0.014,0.0
0.70101,0.2,0.352,0.182,0.162,0.074,0.028,0.002,0.0
0.70201,0.158,0.396,0.162,0.158,0.094,0.026,0.006,0.0
0.70301,0.17,0.418,0.19,0.124,0.058,0.03,0.01,0.0
0.70401,0.184,0.372,0.19,0.144,0.072,0.03,0.008,0.0
0.70501,0.154,0.382,0.156,0.182,0.086,0.038,0.002,0.0
0.70601,0.166,0.438,0.15,0.148,0.076,0.018,0.004,0.0
0.70701,0.17,0.41,0.172,0.122,0.096,0.026,0.002,0.002
0.70801,0.192,0.372,0.128,0.166,0.104,0.028,0.008,0.002
0.70901,0.154,0.404,0.176,0.166,0.094,0.004,0.002,0.0
0.71001,0.196,0.408,0.126,0.156,0.066,0.046,0.002,0.0
0.71101,0.14,0.362,0.168,0.206,0.086,0.024,0.014,0.0
0.71201,0.168,0.398,0.158,0.13,0.094,0.04,0.01,0.002
0.71301,0.21,0.414,0.138,0.144,0.07,0.018,0.006,0.0
0.71401,0.168,0.47,0.146,0.118,0.072,0.026,0.0,0.0
0.71501,0.192,0.364,0.156,0.172,0.094,0.018,0.004,0.0
0.71601,0.21,0.392,0.162,0.118,0.074,0.038,0.006,0.0
0.71701,0.154,0.422,0.192,0.114,0.088,0.024,0.006,0.0
0.71801,0.16,0.406,0.122,0.19,0.07,0.046,0.006,0.0
0.71901,0.202,0.378,0.152,0.14,0.078,0.046,0.004,0.0
0.72001,0.158,0.438,0.184,0.136,0.058,0.018,0.008,0.0
0.72101,0.184,0.436,0.15,0.144,0.054,0.012,0.02,0.0
0.72201,0.19,0.424,0.184,0.16,0.038,0.004,0.0,0.0
0.72301,0.194,0.388,0.166,0.184,0.046,0.02,0.002,0.0
0.72401,0.226,0.4,0.152,0.14,0.062,0.018,0.002,0.0
0.72501,0.196,0.382,0.162,0.164,0.074,0.018,0.004,0.0
0.72601,0.162,0.376,0.156,0.188,0.084,0.032,0.002,0.0
0.72701,0.182,0.394,0.172,0.142,0.064,0.042,0.004,0.0
0.72801,0.146,0.408,0.152,0.162,0.09,0.038,0.004,0.0
0.72901,0.2,0.39,0.144,0.158,0.074,0.028,0.006,0.0
0.73001,0.206,0.416,0.144,0.14,0.06,0.03,0.004,0.0
0.73101,0.216,0.418,0.164,0.134,0.054,0.014,0.0,0.0
0.73201,0.236,0.442,0.156,0.102,0.048,0.016,0.0,0.0
0.73301,0.19,0.412,0.166,0.162,0.056,0.008,0.006,0.0
0.73401,0.17,0.426,0.176,0.132,0.068,0.02,0.008,0.0
0.73501,0.184,0.496,0.138,0.112,0.054,0.012,0.004,0.0
0.73601,0.214,0.402,0.14,0.164,0.064,0.01,0.004,0.002
0.73701,0.204,0.418,0.15,0.15,0.058,0.018,0.002,0.0
0.73801,0.184,0.444,0.17,0.12,0.064,0.016,0.002,0.0
0.73901,0.18,0.462,0.15,0.128,0.062,0.018,0.0,0.0
0.74001,0.248,0.41,0.18,0.1,0.052,0.008,0.002,0.0
0.74101,0.256,0.472,0.122,0.104,0.036,0.008,0.002,0.0
0.74201,0.18,0.468,0.158,0.122,0.054,0.016,0.002,0.0
0.74301,0.194,0.44,0.15,0.156,0.044,0.014,0.002,0.0
0.74401,0.246,0.414,0.164,0.112,0.05,0.012,0.002,0.0
0.74501,0.228,0.436,0.126,0.132,0.052,0.02,0.004,0.002
0.74601,0.22,0.434,0.158,0.13,0.044,0.01,0.004,0.0
0.74701,0.216,0.446,0.164,0.118,0.042,0.012,0.002,0.0
0.74801,0.222,0.474,0.146,0.1,0.048,0.01,0.0,0.0
0.74901,0.212,0.482,0.178,0.076,0.048,0.002,0.002,0.0
0.75001,0.258,0.454,0.142,0.078,0.052,0.016,0.0,0.0
0.75101,0.192,0.506,0.13,0.132,0.028,0.006,0.006,0.0
0.75201,0.284,0.504,0.096,0.072,0.026,0.016,0.002,0.0
0.75301,0.238,0.416,0.162,0.102,0.074,0.008,0.0,0.0
0.75401,0.254,0.438,0.14,0.114,0.04,0.008,0.006,0.0
0.75501,0.266,0.444,0.118,0.116,0.05,0.006,0.0,0.0
0.75601,0.268,0.452,0.112,0.094,0.05,0.02,0.004,0.0
0.75701,0.238,0.456,0.13,0.132,0.042,0.002,0.0,0.0
0.75801,0.246,0.442,0.152,0.108,0.046,0.004,0.002,0.0
0.75901,0.236,0.462,0.148,0.108,0.028,0.018,0.0,0.0
0.76001,0.236,0.49,0.146,0.09,0.03,0.008,0.0,0.0
0.76101,0.248,0.434,0.164,0.12,0.03,0.004,0.0,0.0
0.76201,0.202,0.462,0.134,0.12,0.064,0.018,0.0,0.0
0.76301,0.228,0.48,0.146,0.104,0.028,0.01,0.004,0.0
0.76401,0.218,0.488,0.142,0.12,0.026,0.006,0.0,0.0
0.76501,0.226,0.494,0.114,0.11,0.056,0.0,0.0,0.0
0.76601,0.246,0.458,0.132,0.1,0.052,0.01,0.002,0.0
0.76701,0.264,0.464,0.124,0.088,0.044,0.012,0.004,0.0
0.76801,0.284,0.436,0.142,0.098,0.034,0.006,0.0,0.0
0.76901,0.226,0.54,0.122,0.062,0.036,0.012,0.002,0.0
0.77001,0.25,0.45,0.132,0.108,0.046,0.012,0.002,0.0
0.77101,0.268,0.476,0.118,0.086,0.04,0.012,0.0,0.0
0.77201,0.266,0.472,0.14,0.08,0.036,0.004,0.002,0.0
0.77301,0.256,0.472,0.162,0.066,0.034,0.01,0.0,0.0
0.77401,0.238,0.516,0.12,0.074,0.042,0.008,0.002,0.0
0.77501,0.22,0.496,0.142,0.1,0.026,0.012,0.004,0.0
0.77601,0.276,0.474,0.11,0.108,0.024,0.004,0.002,0.002
0.77701,0.188,0.522,0.154,0.09,0.038,0.008,0.0,0.0
0.77801,0.248,0.43,0.19,0.092,0.028,0.008,0.004,0.0
0.77901,0.288,0.47,0.108,0.09,0.026,0.018,0.0,0.0
0.78001,0.282,0.526,0.108,0.062,0.02,0.002,0.0,0.0
0.78101,0.246,0.52,0.132,0.064,0.032,0.006,0.0,0.0
0.78201,0.264,0.548,0.124,0.042,0.014,0.006,0.002,0.0
0.78301,0.25,0.488,0.144,0.086,0.028,0.004,0.0,0.0
0.78401,0.314,0.458,0.134,0.084,0.008,0.002,0.0,0.0
0.78501,0.304,0.46,0.106,0.076,0.046,0.008,0.0,0.0
0.78601,0.278,0.506,0.12,0.066,0.026,0.004,0.0,0.0
0.78701,0.268,0.472,0.13,0.092,0.032,0.004,0.002,0.0
0.78801,0.302,0.472,0.128,0.068,0.02,0.01,0.0,0.0
0.78901,0.28,0.466,0.138,0.09,0.024,0.002,0.0,0.0
0.79001,0.294,0.532,0.1,0.058,0.014,0.002,0.0,0.0
0.79101,0.266,0.49,0.122,0.088,0.026,0.006,0.002,0.0
0.79201,0.28,0.51,0.124,0.054,0.028,0.004,0.0,0.0
0.79301,0.298,0.482,0.114,0.072,0.03,0.004,0.0,0.0
0.79401,0.31,0.484,0.13,0.054,0.022,0.0,0.0,0.0
0.79501,0.302,0.454,0.132,0.08,0.022,0.01,0.0,0.0
0.79601,0.31,0.5,0.102,0.064,0.022,0.002,0.0,0.0
0.79701,0.262,0.536,0.11,0.05,0.028,0.014,0.0,0.0
0.79801,0.318,0.51,0.102,0.044,0.016,0.01,0.0,0.0
0.79901,0.3,0.526,0.118,0.046,0.004,0.004,0.002,0.0
0.80001,0.266,0.53,0.116,0.062,0.024,0.002,0.0,0.0
0.80101,0.352,0.46,0.118,0.048,0.02,0.002,0.0,0.0
0.80201,0.298,0.508,0.094,0.078,0.02,0.002,0.0,0.0
0.80301,0.384,0.452,0.076,0.058,0.028,0.002,0.0,0.0
0.80401,0.308,0.516,0.116,0.048,0.01,0.0,0.002,0.0
0.80501,0.278,0.534,0.096,0.06,0.024,0.008,0.0,0.0
0.80601,0.312,0.524,0.11,0.032,0.018,0.004,0.0,0.0
0.80701,0.29,0.522,0.108,0.064,0.014,0.002,0.0,0.0
0.80801,0.34,0.5,0.086,0.05,0.02,0.002,0.002,0.0
0.80901,0.326,0.468,0.12,0.064,0.018,0.004,0.0,0.0
0.81001,0.346,0.504,0.092,0.044,0.012,0.002,0.0,0.0
0.81101,0.258,0.568,0.122,0.044,0.008,0.0,0.0,0.0
0.81201,0.268,0.526,0.138,0.052,0.014,0.002,0.0,0.0
0.81301,0.334,0.488,0.116,0.046,0.008,0.008,0.0,0.0
0.81401,0.292,0.52,0.104,0.068,0.014,0.002,0.0,0.0
0.81501,0.286,0.48,0.138,0.074,0.02,0.002,0.0,0.0
0.81601,0.302,0.538,0.104,0.036,0.012,0.008,0.0,0.0
0.81701,0.286,0.536,0.108,0.058,0.01,0.002,0.0,0.0
0.81801,0.314,0.494,0.118,0.05,0.02,0.004,0.0,0.0
0.81901,0.336,0.496,0.112,0.044,0.008,0.004,0.0,0.0
0.82001,0.35,0.484,0.118,0.032,0.014,0.002,0.0,0.0
0.82101,0.316,0.488,0.116,0.066,0.014,0.0,0.0,0.0
0.82201,0.35,0.478,0.106,0.054,0.012,0.0,0.0,0.0
0.82301,0.306,0.528,0.082,0.06,0.018,0.006,0.0,0.0
0.82401,0.31,0.5,0.106,0.062,0.018,0.004,0.0,0.0
0.82501,0.278,0.54,0.104,0.056,0.02,0.002,0.0,0.0
0.82601,0.35,0.504,0.096,0.038,0.012,0.0,0.0,0.0
0.82701,0.34,0.48,0.12,0.04,0.02,0.0,0.0,0.0
0.82801,0.368,0.476,0.086,0.052,0.014,0.002,0.002,0.0
0.82901,0.334,0.49,0.094,0.066,0.016,0.0,0.0,0.0
0.83001,0.324,0.532,0.082,0.04,0.02,0.002,0.0,0.0
0.83101,0.378,0.464,0.1,0.046,0.012,0.0,0.0,0.0
0.83201,0.3,0.568,0.092,0.032,0.006,0.002,0.0,0.0
0.83301,0.408,0.462,0.082,0.034,0.012,0.002,0.0,0.0
0.83401,0.342,0.516,0.098,0.028,0.012,0.002,0.002,0.0
0.83501,0.368,0.494,0.092,0.038,0.008,0.0,0.0,0.0
0.83601,0.33,0.528,0.088,0.038,0.016,0.0,0.0,0.0
0.83701,0.32,0.546,0.078,0.04,0.016,0.0,0.0,0.0
0.83801,0.378,0.486,0.082,0.046,0.008,0.0,0.0,0.0
0.83901,0.348,0.522,0.094,0.016,0.016,0.004,0.0,0.0
0.84001,0.348,0.498,0.116,0.03,0.006,0.002,0.0,0.0
0.84101,0.332,0.552,0.06,0.044,0.012,0.0,0.0,0.0
0.84201,0.364,0.472,0.106,0.046,0.012,0.0,0.0,0.0
0.84301,0.404,0.474,0.076,0.034,0.01,0.0,0.002,0.0
0.84401,0.378,0.48,0.098,0.036,0.008,0.0,0.0,0.0
0.84501,0.324,0.544,0.1,0.022,0.01,0.0,0.0,0.0
0.84601,0.366,0.504,0.074,0.044,0.012,0.0,0.0,0.0
0.84701,0.408,0.458,0.104,0.03,0.0,0.0,0.0,0.0
0.84801,0.318,0.536,0.088,0.048,0.01,0.0,0.0,0.0
0.84901,0.442,0.45,0.058,0.044,0.004,0.002,0.0,0.0
0.85001,0.406,0.47,0.08,0.036,0.008,0.0,0.0,0.0
0.85101,0.43,0.466,0.08,0.02,0.002,0.002,0.0,0.0
0.85201,0.394,0.478,0.098,0.022,0.008,0.0,0.0,0.0
0.85301,0.394,0.474,0.096,0.036,0.0,0.0,0.0,0.0
0.85401,0.418,0.494,0.062,0.024,0.002,0.0,0.0,0.0
0.85501,0.398,0.462,0.104,0.032,0.002,0.002,0.0,0.0
0.85601,0.376,0.474,0.116,0.02,0.014,0.0,0.0,0.0
0.85701,0.404,0.498,0.06,0.026,0.008,0.004,0.0,0.0
0.85801,0.388,0.508,0.074,0.026,0.004,0.0,0.0,0.0
0.85901,0.416,0.468,0.084,0.03,0.002,0.0,0.0,0.0
0.86001,0.418,0.48,0.068,0.03,0.004,0.0,0.0,0.0
0.86101,0.364,0.538,0.07,0.02,0.006,0.002,0.0,0.0
0.86201,0.45,0.448,0.064,0.026,0.012,0.0,0.0,0.0
0.86301,0.452,0.46,0.04,0.042,0.006,0.0,0.0,0.0
0.86401,0.424,0.492,0.066,0.014,0.002,0.002,0.0,0.0
0.86501,0.39,0.518,0.062,0.024,0.006,0.0,0.0,0.0
0.86601,0.446,0.46,0.072,0.016,0.006,0.0,0.0,0.0
0.86701,0.41,0.484,0.068,0.024,0.012,0.002,0.0,0.0
0.86801,0.404,0.492,0.076,0.022,0.006,0.0,0.0,0.0
0.86901,0.432,0.446,0.096,0.024,0.002,0.0,0.0,0.0
0.87001,0.374,0.528,0.078,0.014,0.006,0.0,0.0,0.0
0.87101,0.446,0.474,0.054,0.012,0.014,0.0,0.0,0.0
0.87201,0.466,0.432,0.072,0.026,0.004,0.0,0.0,0.0
0.87301,0.452,0.482,0.052,0.012,0.002,0.0,0.0,0.0
0.87401,0.406,0.5,0.074,0.014,0.004,0.002,0.0,0.0
0.87501,0.45,0.44,0.086,0.018,0.006,0.0,0.0,0.0
0.87601,0.39,0.518,0.068,0.024,0.0,0.0,0.0,0.0
0.87701,0.43,0.466,0.068,0.032,0.004,0.0,0.0,0.0
0.87801,0.434,0.5,0.04,0.02,0.006,0.0,0.0,0.0
0.87901,0.456,0.462,0.064,0.016,0.002,0.0,0.0,0.0
0.88001,0.51,0.42,0.05,0.016,0.002,0.002,0.0,0.0
0.88101,0.422,0.492,0.062,0.02,0.004,0.0,0.0,0.0
0.88201,0.488,0.43,0.062,0.012,0.006,0.002,0.0,0.0
0.88301,0.446,0.476,0.06,0.014,0.002,0.002,0.0,0.0
0.88401,0.494,0.444,0.044,0.018,0.0,0.0,0.0,0.0
0.88501,0.45,0.45,0.082,0.014,0.004,0.0,0.0,0.0
0.88601,0.492,0.432,0.062,0.01,0.004,0.0,0.0,0.0
0.88701,0.47,0.466,0.04,0.024,0.0,0.0,0.0,0.0
0.88801,0.434,0.49,0.054,0.022,0.0,0.0,0.0,0.0
0.88901,0.446,0.45,0.084,0.02,0.0,0.0,0.0,0.0
0.89001,0.506,0.428,0.05,0.016,0.0,0.0,0.0,0.0
0.89101,0.484,0.45,0.058,0.006,0.002,0.0,0.0,0.0
0.89201,0.478,0.466,0.05,0.006,0.0,0.0,0.0,0.0
0.89301,0.506,0.424,0.05,0.02,0.0,0.0,0.0,0.0
0.89401,0.452,0.496,0.046,0.004,0.002,0.0,0.0,0.0
0.89501,0.484,0.444,0.058,0.012,0.002,0.0,0.0,0.0
0.89601,0.478,0.438,0.062,0.018,0.004,0.0,0.0,0.0
0.89701,0.45,0.472,0.068,0.01,0.0,0.0,0.0,0.0
0.89801,0.486,0.426,0.064,0.024,0.0,0.0,0.0,0.0
0.89901,0.51,0.444,0.042,0.004,0.0,0.0,0.0,0.0
0.90001,0.516,0.448,0.032,0.004,0.0,0.0,0.0,0.0
0.90101,0.474,0.47,0.054,0.002,0.0,0.0,0.0,0.0
0.90201,0.474,0.476,0.034,0.014,0.002,0.0,0.0,0.0
0.90301,0.584,0.362,0.046,0.008,0.0,0.0,0.0,0.0
0.90401,0.486,0.428,0.068,0.016,0.002,0.0,0.0,0.0
0.90501,0.57,0.388,0.038,0.002,0.002,0.0,0.0,0.0
0.90601,0.528,0.43,0.032,0.008,0.002,0.0,0.0,0.0
0.90701,0.482,0.46,0.046,0.012,0.0,0.0,0.0,0.0
0.90801,0.598,0.372,0.02,0.006,0.004,0.0,0.0,0.0
0.90901,0.492,0.474,0.034,0.0,0.0,0.0,0.0,0.0
0.91001,0.504,0.428,0.064,0.004,0.0,0.0,0.0,0.0
0.91101,0.56,0.412,0.026,0.002,0.0,0.0,0.0,0.0
0.91201,0.538,0.416,0.038,0.008,0.0,0.0,0.0,0.0
0.91301,0.478,0.476,0.046,0.0,0.0,0.0,0.0,0.0
0.91401,0.54,0.422,0.026,0.012,0.0,0.0,0.0,0.0
0.91501,0.54,0.428,0.024,0.008,0.0,0.0,0.0,0.0
0.91601,0.546,0.412,0.036,0.006,0.0,0.0,0.0,0.0
0.91701,0.55,0.406,0.03,0.012,0.002,0.0,0.0,0.0
0.91801,0.522,0.43,0.042,0.004,0.002,0.0,0.0,0.0
0.91901,0.604,0.364,0.024,0.004,0.004,0.0,0.0,0.0
0.92001,0.574,0.406,0.016,0.004,0.0,0.0,0.0,0.0
0.92101,0.566,0.394,0.036,0.004,0.0,0.0,0.0,0.0
0.92201,0.51,0.434,0.044,0.008,0.004,0.0,0.0,0.0
0.92301,0.622,0.35,0.024,0.004,0.0,0.0,0.0,0.0
0.92401,0.536,0.424,0.032,0.006,0.002,0.0,0.0,0.0
0.92501,0.602,0.38,0.018,0.0,0.0,0.0,0.0,0.0
0.92601,0.598,0.386,0.016,0.0,0.0,0.0,0.0,0.0
0.92701,0.612,0.358,0.028,0.002,0.0,0.0,0.0,0.0
0.92801,0.604,0.362,0.028,0.006,0.0,0.0,0.0,0.0
0.92901,0.626,0.344,0.022,0.006,0.002,0.0,0.0,0.0
0.93001,0.58,0.386,0.03,0.004,0.0,0.0,0.0,0.0
0.93101,0.6,0.362,0.034,0.002,0.002,0.0,0.0,0.0
0.93201,0.632,0.35,0.018,0.0,0.0,0.0,0.0,0.0
0.93301,0.61,0.364,0.026,0.0,0.0,0.0,0.0,0.0
0.93401,0.624,0.364,0.006,0.006,0.0,0.0,0.0,0.0
0.93501,0.642,0.332,0.026,0.0,0.0,0.0,0.0,0.0
0.93601,0.588,0.372,0.034,0.006,0.0,0.0,0.0,0.0
0.93701,0.65,0.318,0.028,0.004,0.0,0.0,0.0,0.0
0.93801,0.648,0.336,0.016,0.0,0.0,0.0,0.0,0.0
0.93901,0.686,0.294,0.018,0.002,0.0,0.0,0.0,0.0
0.94001,0.696,0.286,0.016,0.002,0.0,0.0,0.0,0.0
0.94101,0.596,0.374,0.028,0.002,0.0,0.0,0.0,0.0
0.94201,0.646,0.332,0.016,0.004,0.002,0.0,0.0,0.0
0.94301,0.626,0.366,0.008,0.0,0.0,0.0,0.0,0.0
0.94401,0.648,0.336,0.014,0.002,0.0,0.0,0.0,0.0
0.94501,0.702,0.292,0.006,0.0,0.0,0.0,0.0,0.0
0.94601,0.696,0.284,0.018,0.002,0.0,0.0,0.0,0.0
0.94701,0.696,0.282,0.02,0.002,0.0,0.0,0.0,0.0
0.94801,0.68,0.304,0.01,0.006,0.0,0.0,0.0,0.0
0.94901,0.656,0.324,0.02,0.0,0.0,0.0,0.0,0.0
0.95001,0.76,0.23,0.01,0.0,0.0,0.0,0.0,0.0
0.95101,0.662,0.322,0.014,0.002,0.0,0.0,0.0,0.0
0.95201,0.692,0.298,0.01,0.0,0.0,0.0,0.0,0.0
0.95301,0.706,0.276,0.014,0.004,0.0,0.0,0.0,0.0
0.95401,0.668,0.312,0.016,0.004,0.0,0.0,0.0,0.0
0.95501,0.744,0.244,0.008,0.004,0.0,0.0,0.0,0.0
0.95601,0.682,0.308,0.006,0.004,0.0,0.0,0.0,0.0
0.95701,0.728,0.268,0.002,0.002,0.0,0.0,0.0,0.0
0.95801,0.712,0.272,0.016,0.0,0.0,0.0,0.0,0.0
0.95901,0.736,0.258,0.006,0.0,0.0,0.0,0.0,0.0
0.96001,0.74,0.25,0.01,0.0,0.0,0.0,0.0,0.0
0.96101,0.746,0.24,0.014,0.0,0.0,0.0,0.0,0.0
0.96201,0.738,0.254,0.008,0.0,0.0,0.0,0.0,0.0
0.96301,0.784,0.21,0.006,0.0,0.0,0.0,0.0,0.0
0.96401,0.76,0.226,0.014,0.0,0.0,0.0,0.0,0.0
0.96501,0.736,0.252,0.012,0.0,0.0,0.0,0.0,0.0
0.96601,0.74,0.246,0.01,0.004,0.0,0.0,0.0,0.0
0.96701,0.766,0.218,0.014,0.002,0.0,0.0,0.0,0.0
0.96801,0.788,0.21,0.002,0.0,0.0,0.0,0.0,0.0
0.96901,0.796,0.2,0.004,0.0,0.0,0.0,0.0,0.0
0.97001,0.818,0.176,0.006,0.0,0.0,0.0,0.0,0.0
0.97101,0.816,0.172,0.01,0.002,0.0,0.0,0.0,0.0
0.97201,0.812,0.18,0.008,0.0,0.0,0.0,0.0,0.0
0.97301,0.802,0.196,0.002,0.0,0.0,0.0,0.0,0.0
0.97401,0.816,0.176,0.008,0.0,0.0,0.0,0.0,0.0
0.97501,0.83,0.164,0.004,0.002,0.0,0.0,0.0,0.0
0.97601,0.836,0.16,0.004,0.0,0.0,0.0,0.0,0.0
0.97701,0.822,0.174,0.004,0.0,0.0,0.0,0.0,0.0
0.97801,0.838,0.154,0.008,0.0,0.0,0.0,0.0,0.0
0.97901,0.854,0.136,0.01,0.0,0.0,0.0,0.0,0.0
0.98001,0.854,0.142,0.004,0.0,0.0,0.0,0.0,0.0
0.98101,0.838,0.162,0.0,0.0,0.0,0.0,0.0,0.0
0.98201,0.872,0.122,0.006,0.0,0.0,0.0,0.0,0.0
0.98301,0.856,0.142,0.002,0.0,0.0,0.0,0.0,0.0
0.98401,0.888,0.112,0.0,0.0,0.0,0.0,0.0,0.0
0.98501,0.89,0.11,0.0,0.0,0.0,0.0,0.0,0.0
0.98601,0.878,0.122,0.0,0.0,0.0,0.0,0.0,0.0
0.98701,0.884,0.112,0.004,0.0,0.0,0.0,0.0,0.0
0.98801,0.916,0.084,0.0,0.0,0.0,0.0,0.0,0.0
0.98901,0.926,0.072,0.002,0.0,0.0,0.0,0.0,0.0
0.99001,0.906,0.094,0.0,0.0,0.0,0.0,0.0,0.0
0.99101,0.928,0.072,0.0,0.0,0.0,0.0,0.0,0.0
0.99201,0.946,0.054,0.0,0.0,0.0,0.0,0.0,0.0
0.99301,0.946,0.054,0.0,0.0,0.0,0.0,0.0,0.0
0.99401,0.95,0.05,0.0,0.0,0.0,0.0,0.0,0.0
0.99501,0.964,0.036,0.0,0.0,0.0,0.0,0.0,0.0
0.99601,0.962,0.038,0.0,0.0,0.0,0.0,0.0,0.0
0.99701,0.968,0.032,0.0,0.0,0.0,0.0,0.0,0.0
0.99801,0.978,0.022,0.0,0.0,0.0,0.0,0.0,0.0
0.99901,0.996,0.004,0.0,0.0,0.0,0.0,0.0,0.0
